MOLECULE_NAME,y_actual,y_pred
302-215-10,2.12,2.16299639911423
302-283-15,1.57,1.8218067800049134
302-301-01,1.32,1.4743452866030267
302-314-01,1.66,1.6337522063037437
302-315-01,3.52,3.527089619027213
302-316-02,2.69,2.7014873121698932
302-319-02,0.86,0.8937949654481203
302-321-02,0.76,0.7950661799745853
302-323-02,1.5,1.5372353591553152
302-324-01,2.35,2.3642174334379393
302-325-01,3.09,3.082437990171019
302-327-02,1.35,1.3518744569978773
302-334-01,1.6,1.706942029664332
302-345-02,1.78,2.1179278570342595
302-347-02,1.34,1.37614630505146
302-367-17,1.62,1.7591066342009873
302-374-04,2.5,2.332141376791442
302-376-04,2.13,2.1484115208190326
302-389-02,1.76,1.7799320755118706
302-397-08,1.59,1.596743165554726
302-401-02,1.98,1.9730299441210648
302-403-02,1.88,1.8623722193278174
302-414-03,1.87,1.8803928152940235
302-416-02,2.06,2.0290479836679074
302-420-02,2.12,2.119891335303651
302-422-02,2.67,2.702696841395266
302-423-01,2.53,2.5589469476802824
302-434-05,2.18,2.14435889251851
302-453-01,1.4,1.4038977500752834
302-462-01,2.57,2.389506726417384
302-472-01,2.7,2.2832263461827336
302-473-01,3.27,3.2598421354403397
302-482-01,3.0,2.9605959699606283
302-484-01,2.79,2.7505424554336635
302-488-01,3.43,3.4329182175064945
302-491-01,2.29,2.264617347743256
302-492-01,2.67,2.6916836212314053
302-493-01,2.92,2.888083596248518
302-494-01,1.7,1.7056361508206206
302-495-01,2.74,2.7135706777355773
302-497-01,3.29,3.293093595168083
302-499-01,2.91,2.8941494906549656
302-500-01,3.67,3.6349260531075287
302-503-01,3.89,3.8747186495194317
302-505-01,3.11,2.637752495854339
302-511-01,2.9,2.863997956401702
302-515-01,3.78,3.527089619027213
302-516-02,3.35,2.7014873121698932
302-517-01,2.35,2.3124719527107755
302-520-01,1.88,1.9260403336999323
302-524-01,3.07,2.3642174334379393
302-525-02,1.91,1.9261624585807509
302-528-01,1.98,1.9792172791113987
302-529-01,2.98,2.9571946519829244
302-530-01,2.98,2.978980214580169
302-538-01,2.8,2.766870542132926
302-539-02,3.22,3.1883184641005395
302-540-01,3.24,3.215065690703174
302-541-02,1.81,1.82153829894169
302-542-04,4.34,4.349517268040618
302-543-01,1.47,1.4302561789034685
302-548-01,2.62,2.6002004688106806
302-549-01,3.33,3.2856774423608193
302-553-02,3.01,2.999747707118336
302-554-02,3.22,3.249025423998776
302-555-02,3.17,3.1350290513742642
302-556-01,2.17,2.1773458995173316
302-557-01,1.76,1.7741995021859902
302-558-01,1.64,1.600521034044585
302-560-01,2.04,2.0157897025985543
302-561-01,1.51,1.4988969763258364
302-562-01,1.78,1.7570598912096105
302-563-01,1.74,1.7499942587035293
302-564-01,1.44,1.448287474340186
302-565-01,2.35,2.362920572349071
302-566-01,2.34,2.3347837965555867
302-567-01,1.53,1.5052006812226582
302-568-01,1.65,1.6780337595652512
302-569-01,2.17,2.137446308383862
302-570-01,1.49,1.4607263749131563
302-571-01,1.62,1.587863282773264
302-572-01,2.36,2.3939060320575636
302-573-01,1.71,1.6794918796452931
302-574-01,1.71,1.6794918796452931
302-577-01,1.8,1.8055215489092378
302-578-01,2.08,2.080040721178242
302-579-01,2.2,2.1597213498654546
302-580-01,2.65,2.6594517111196456
302-592-11,2.09,2.0787791130035806
302-595-01,1.93,1.9043219098933313
302-596-01,3.48,3.4884685851046147
302-597-01,3.33,3.3075426754895974
302-599-01,3.73,3.7027711970003523
302-600-01,2.88,2.8352816920172925
302-601-03,3.38,3.3932617857540137
302-602-02,3.68,3.6967640960530357
302-603-01,3.29,3.300009585317849
302-604-01,2.68,2.6927847753096064
302-605-01,1.98,1.9557342426544593
302-606-01,2.34,2.3094672045181426
302-607-01,2.44,2.4544930156863454
302-609-01,1.52,1.5444869386740057
302-610-01,1.37,1.3820599650610794
302-611-01,3.28,3.2653664803522053
302-612-01,3.44,3.437723301522982
302-613-01,2.51,2.5107492935384657
302-614-01,2.74,2.6966153708150458
302-615-01,3.15,3.1249502845259047
302-616-01,2.65,2.6080689584767325
304-082-04,2.62,2.5864183916110752
304-100-03,2.75,2.7319511627906197
304-110-01,1.31,1.3275178588437107
304-457-02,2.93,2.9349150724127506
304-457-05,2.91,2.9045715963487733
305-223-02,1.32,1.3195851919039905
305-632-02,1.36,1.321575429060165
305-645-02,2.16,2.1323160165852464
305-646-02,3.01,2.9950186763265423
305-683-02,2.26,2.2251316673210724
305-687-01,1.58,1.5305360057756068
305-712-02,0.99,0.9862430560221815
305-719-01,1.17,1.1394267354934637
305-726-02,3.17,3.1922422899593403
305-727-02,2.4,2.419058355599813
305-728-02,2.73,2.7087571093291714
305-729-02,2.43,2.4334182960504678
305-730-01,0.51,0.5291843319004683
305-735-02,3.45,3.4164069651163445
305-736-02,3.55,3.5390620950246467
305-743-02,2.49,2.466333733780279
305-744-02,1.31,1.3505658886344314
305-747-02,1.7,1.672166294918826
305-748-02,4.03,4.07161751493319
305-750-02,3.73,3.747299023314066
305-752-02,1.68,1.6436927721644485
305-756-02,3.19,3.18586600135241
305-757-02,2.43,2.451880226242933
305-758-02,2.74,2.7377695617914366
305-759-02,2.81,2.8277840962398546
305-760-02,2.12,2.143112791246446
305-761-02,2.51,2.4944876876785447
305-762-02,4.02,4.005748289420595
305-763-02,3.74,3.7271609858877657
305-764-02,3.61,3.6198201217536057
305-765-02,2.72,2.7342087877126184
305-766-02,1.95,1.9325319461805366
305-778-02,2.45,2.4700865860731067
305-779-02,3.45,3.464104683669281
305-780-02,3.56,3.5610065756015086
305-790-02,1.92,1.9114455421772751
305-791-02,1.52,1.5060527330732696
305-794-02,2.52,2.5154246206910367
305-795-02,3.43,3.4245476654873284
305-796-02,1.74,1.7454319191471426
305-797-02,3.25,3.0829874032576465
305-810-02,2.39,2.39027357211106
305-811-02,3.82,3.840223148990826
305-821-02,2.21,2.1977410520124208
305-822-02,2.67,2.632237592595821
306-001-09,2.52,2.5391741859285557
306-032-03,3.11,3.099864991908971
306-032-04,2.47,2.48623647570966
306-033-01,2.59,2.611533041198892
306-043-03,1.61,1.6247070528534775
306-044-02,1.88,1.9094561948638744
306-045-03,3.16,3.1560921249035583
306-046-02,0.98,1.0087080256437169
306-046-04,1.58,1.5759341908197717
306-046-05,1.12,1.146880214499577
306-047-02,1.7,2.0572234449872515
306-048-01,3.36,3.3547589414575967
306-048-02,1.25,1.2498138219835626
306-049-02,1.3,1.3318750140871574
306-050-04,0.31,0.822398544455798
306-054-01,0.81,0.8007466641823968
306-055-01,0.57,1.0694451668082419
306-056-01,1.91,2.158159404292274
306-057-01,2.03,2.265858357028894
306-058-01,1.44,1.3685358525880047
306-059-01,3.15,3.014979343429373
306-060-01,1.17,1.1980603638217366
306-061-01,2.76,2.779580680305928
306-062-01,2.81,3.0598442458770903
306-063-01,2.87,2.8566862799415738
306-064-01,3.97,3.9930487278755495
306-065-01,3.93,3.9380756302625572
306-066-04,3.28,3.269241906210018
306-066-05,2.39,2.415714574140091
306-067-03,3.06,3.0544825383429117
306-068-02,3.36,3.346238463167543
306-068-04,2.5,2.5346199341769373
306-069-02,4.04,4.037378523051325
306-069-03,2.7,2.695506582589102
306-070-02,2.48,2.4762053717357504
306-072-02,1.62,1.662786557673686
306-073-02,1.54,1.5654985207493133
306-074-02,2.44,2.4183783381515855
306-075-02,2.32,2.336833262588775
306-076-01,3.56,3.4455746954197792
306-076-02,2.72,2.700545845342406
306-077-02,2.63,2.659821730844362
306-078-02,2.61,2.580816350290845
306-078-04,3.04,3.0269418367036427
306-078-05,3.36,3.1976314146657003
306-079-02,2.52,2.580816350290845
306-079-03,3.22,3.2282754505561826
306-079-04,2.87,2.829576775503523
306-080-01,4.0,3.8302443116289355
306-081-01,3.75,3.7564418776442423
306-085-01,3.25,3.272512646163392
306-086-01,3.71,3.7214064876162523
306-087-02,2.04,2.0432825683840132
306-088-02,2.01,2.0432825683840132
306-089-13,1.28,1.298331456313282
306-091-01,2.89,2.8687790874425403
306-092-01,2.32,2.3108917839664214
306-092-02,3.04,3.0430325190456404
306-094-04,2.04,2.2181681869584944
306-095-02,0.79,0.787083869079737
306-096-02,0.75,0.7609714481281031
306-097-02,0.81,0.7904962950436194
306-098-02,0.76,0.7274475451332099
306-099-01,2.21,2.2110997812000326
306-099-02,2.91,2.9355904707892426
306-100-01,2.54,2.55868557604865
306-100-02,3.31,3.3097719422657343
306-101-01,2.65,2.650543253867369
306-101-02,3.38,3.398656953658328
306-102-02,1.7,1.7264903077157667
306-103-02,1.77,1.7624800332816122
306-104-02,1.61,1.6867010342942637
306-105-02,1.61,1.6125226197397327
306-106-02,2.0,2.0354344914606086
306-107-02,2.52,2.5018365274553993
306-108-02,2.3,2.276089202006507
306-109-02,0.54,1.7400838181174696
306-110-02,1.99,2.0090375866205834
306-112-02,1.76,1.7318389484670216
306-113-02,1.66,1.6447627776787388
306-114-05,1.46,1.6482133358894901
306-115-03,3.61,3.6482004638902152
306-116-03,2.91,2.912126457400612
306-118-02,1.58,1.5659931037161559
306-119-03,1.76,1.7844074741455456
306-121-01,2.81,2.7763545913000574
306-122-01,2.53,2.4914084787141926
306-123-03,4.45,4.4478593171679135
306-124-05,3.26,3.243488284220905
306-127-01,2.78,2.788786686863209
306-128-01,2.74,2.7147147737931023
306-129-02,1.98,2.0097601762012824
306-130-02,1.46,1.5659931037161559
306-132-01,1.92,1.9371848532094502
306-135-01,2.29,2.323501711602722
306-136-01,3.1,3.114877145405926
306-137-01,3.12,3.127182177492218
306-138-01,3.06,3.0407578656413623
306-139-03,2.74,2.7460636753248835
306-140-01,3.1,3.1163814188309615
306-141-03,2.69,2.198153217356501
306-142-03,2.22,2.2183781619063248
306-143-01,1.99,2.013629114180805
306-144-03,3.17,3.1748095015538222
306-145-01,2.37,2.3772394863445516
306-146-01,3.15,3.177174428662791
306-147-01,3.34,3.348631857822543
306-148-01,3.72,3.720558924392888
306-149-01,3.83,3.85015431826567
306-150-01,2.87,2.9125748987528537
306-151-01,3.23,3.2435121589622513
306-152-01,2.65,2.6839044697516155
306-153-02,2.34,2.3533244641711137
306-154-01,2.76,1.9053890012318648
306-155-01,2.5,2.4998611470166194
306-157-01,4.43,4.416572167598562
306-158-01,3.08,2.8425092015131908
306-159-01,3.58,3.355178737328379
306-160-01,2.82,2.8454118026263924
306-161-01,3.48,3.3970551685168022
306-162-01,3.06,3.066170689489117
306-163-01,3.03,3.024851366655413
306-164-01,3.06,3.072974949027308
306-165-01,3.55,3.5389390511738266
306-166-01,2.45,2.4634008460007544
306-166-02,1.94,1.9470371198820757
306-166-03,2.9,2.8866266422059432
306-167-01,2.63,3.0425252641865983
306-168-02,1.07,1.9573197228552366
306-169-01,2.79,2.763960604108419
306-171-04,3.57,3.5518568103554866
306-172-01,1.61,1.5943013778602624
306-175-01,1.81,1.7937475868500798
306-176-01,1.77,1.7916237610841153
306-177-01,3.32,3.0240865004647883
306-178-01,1.69,1.6956553282644178
306-179-01,1.92,1.908925979610706
306-180-02,1.5,1.496032278787617
306-181-01,3.35,3.2474004537524053
306-182-01,1.92,1.9053890012318648
306-183-01,1.85,2.198153217356501
306-185-01,2.94,2.978392554809687
306-186-01,3.73,3.761220101170984
306-187-01,2.36,2.367628645017442
306-188-01,2.36,2.3779730078753376
306-189-01,2.14,2.1387650920027057
306-190-01,2.36,2.3384089211639885
306-191-01,3.65,3.650327121574779
306-192-02,2.22,2.203102249240187
306-193-04,1.3,1.2919808310972423
306-195-02,1.1,2.270046482341981
306-196-01,2.99,3.0147566877861554
306-197-04,1.36,1.488260517326236
306-198-03,1.4,1.4486816700781628
306-201-03,2.06,2.0614293559999153
306-202-02,1.89,1.9104507303353868
306-203-02,2.35,2.3844622963268445
306-204-02,1.54,1.5207051494350434
306-207-01,1.93,1.8998496824140911
306-208-01,2.12,2.133933187511163
306-210-02,4.03,4.007535597880599
306-212-03,2.75,2.7141103851464052
306-214-01,1.91,2.3233316767174252
306-215-01,2.11,2.2793402182213924
306-218-01,2.1,2.110295505202191
306-219-01,3.49,3.4750954594731773
306-222-03,1.63,2.134785746324094
306-223-01,2.06,2.0459169148492222
306-223-01,2.62,2.0459169148492222
306-224-01,1.94,2.0459169148492222
306-225-01,1.49,1.9733774245443203
306-227-01,2.92,2.9166707285542675
306-228-01,3.16,3.14381289242979
306-232-01,3.25,3.2231592599447874
306-233-07,1.11,1.6842270848920706
306-234-01,2.99,3.0026216394121046
306-238-08,1.64,1.6643941073761255
306-239-01,1.75,1.7937475868500798
306-240-01,3.19,2.948289729860784
306-241-01,3.33,3.2316355244489956
306-242-03,2.6,2.57940168732793
306-243-05,2.55,2.514158801764702
306-244-01,2.42,2.4292132385520864
306-245-01,3.24,3.219162578955079
306-246-01,2.8,2.8949975877838012
306-247-01,2.63,2.61303553893781
306-248-01,2.92,2.9075651553575135
306-249-01,3.17,3.1420690813495735
306-250-01,2.33,2.3067007175999126
306-251-02,2.52,2.514158801764702
306-252-01,3.93,3.904352304056295
306-253-01,2.16,2.1578902613183457
306-257-01,2.22,1.7937475868500798
306-258-01,2.3,2.3233316767174252
306-260-01,0.9,2.6220667508817606
306-261-03,3.24,3.2123493190195846
306-262-03,3.24,3.2146234987469007
306-265-01,3.04,3.043703092625041
306-266-01,2.99,2.9536197683815084
306-268-01,3.08,2.998452664998625
306-269-01,2.64,2.57940168732793
306-274-04,3.16,3.0833575349611952
306-274-05,0.78,1.8275752726654657
306-274-06,3.07,3.0541338493958086
306-275-01,2.13,2.155924963024706
306-277-02,2.54,2.5635981568602793
306-278-02,2.53,2.5398599867304847
306-279-06,2.53,2.5133242015497896
306-282-06,2.36,2.3737827094151998
306-283-06,2.83,2.8093908980543807
306-285-02,1.89,1.9038538957415883
306-286-04,3.09,3.105349258950561
306-286-05,0.74,2.062728818388805
306-286-06,3.01,2.990517592432915
306-287-07,3.37,3.2327519506333084
306-288-09,3.25,3.274533316663289
306-289-01,0.87,0.9134390272616639
306-292-06,3.36,3.362877071438173
306-293-01,3.01,3.012468115653655
306-295-07,1.94,1.92623803433582
306-296-02,3.5,3.4871408647397875
306-296-03,2.84,2.86510148140187
306-297-04,3.32,3.298425057710098
306-300-04,2.44,2.414054340726595
306-301-01,3.1,3.1125258080177227
306-302-01,3.33,3.3126648998162684
306-304-01,2.97,2.9559887193576264
306-305-01,3.03,3.003953625997459
306-306-01,2.83,2.8723902693542183
306-307-01,2.55,2.5394599536115465
306-308-01,3.32,3.336249862135878
306-309-01,3.58,3.56877947414753
306-312-05,2.85,2.839538997258292
306-313-01,3.37,3.3703754699176387
306-317-01,3.52,3.4871408647397875
306-319-01,3.4,3.4154700439728716
306-320-01,3.23,3.210650059702198
306-321-01,2.99,3.0024597815629015
306-324-01,2.97,2.969492953940869
306-326-01,3.06,3.0697863104286274
306-327-01,3.53,3.5434286957726724
306-328-08,2.91,2.8958616560136106
306-329-01,3.57,3.5396148561650174
306-331-01,3.44,3.247528657096141
306-332-01,3.28,3.2738809089569028
306-333-01,3.24,3.2219078752609946
306-334-01,1.78,1.767822175820391
306-335-01,2.01,1.9821235241630673
306-336-01,3.13,2.8741661070050517
306-337-01,3.66,3.561328312894991
306-338-01,2.64,2.6658528694743167
306-339-01,2.6,2.7543575053912446
306-340-01,3.59,3.5987070689966196
306-342-01,3.61,3.6210504179762504
306-343-01,3.46,3.4442466416042516
306-344-01,3.23,3.2536420984133296
306-345-01,2.56,2.5458415835685106
306-346-01,2.64,2.6496538190651866
306-347-01,3.61,3.590744732178568
306-348-01,3.24,3.2223004530073998
306-349-01,3.2,3.1885555521991
306-350-01,3.61,3.5890224758267264
306-351-01,3.16,3.177205687123825
306-352-01,2.81,2.831986465298359
306-355-01,3.25,3.2290430741399105
306-356-01,2.9,2.8811269272309823
306-358-01,2.67,2.6420271341685897
306-359-01,3.01,3.025506421708763
306-360-03,2.48,2.4703012017054937
306-362-04,3.27,3.2698436942561324
306-364-03,3.0,2.9800815779042025
306-366-03,2.69,2.6739329610715625
306-367-05,3.68,3.6589267381318513
306-369-01,1.95,1.9403689566474838
306-370-01,2.67,2.6779764054525255
306-371-01,3.53,3.520355933116794
306-372-01,2.78,2.7634927773078184
306-373-01,3.24,3.279347592873535
306-375-01,2.47,2.4646687803898746
306-376-03,3.01,3.0051358734829017
306-377-04,2.29,2.3086996022844835
306-378-01,3.33,3.2937629381589577
306-379-01,2.22,2.2203666590322086
306-382-01,3.56,3.5656176933480417
306-383-03,3.45,3.442587823088399
306-384-03,3.7,3.673896533208945
306-387-01,3.38,3.4074516046229872
306-388-01,3.33,3.3526209320310336
306-389-01,3.62,3.607395089830332
306-390-01,3.67,3.6807331016546034
306-391-01,3.43,3.4126789834335227
306-392-01,2.43,2.4254202520067043
306-395-01,3.11,3.0796328819325596
306-396-01,2.98,2.993372221976032
306-397-03,3.37,3.3570367298420405
306-398-01,3.27,3.3001634049283357
306-399-02,2.58,2.5567815381045467
306-401-01,3.08,3.0965711096142536
306-402-01,3.71,3.710857369433311
306-403-01,3.17,3.189214371909132
306-404-01,3.8,3.803581397674895
306-408-01,3.28,2.837654383208038
306-410-01,3.26,2.9138075586206433
306-411-01,3.41,3.38906947216083
306-412-01,3.8,3.777095580387939
306-416-01,2.54,2.536267260038716
306-417-01,2.95,2.959101610342702
306-421-01,2.82,2.800726908210592
306-422-01,3.37,3.3709545159873966
306-423-01,3.37,3.3746371589776674
306-428-02,2.52,2.4958077337734954
306-431-02,3.38,3.3828896499015464
306-432-01,3.22,3.1781691773570007
306-435-01,3.57,3.5547832890165263
306-439-01,2.3,2.27887756079697
306-440-01,2.69,2.700747750206805
306-602-01,1.64,1.6308801465825318
306-610-01,2.97,2.9350134932839924
306-611-01,2.53,2.5295377758814492
306-612-01,3.24,3.2201003881246586
306-612-02,2.42,2.4286478790383077
306-619-01,2.9,2.8742849744695733
306-622-01,1.13,1.0136828284259636
306-656-01,0.97,1.1822507717673876
306-664-01,1.94,2.109980331806892
306-669-01,1.41,1.4251520732771321
306-670-01,2.81,2.770940198368211
306-900-OE-01,3.38,3.3669836633181074
307-002-07,0.83,1.5622315573325953
307-003-09,3.0,2.995472482176929
307-004-07,0.78,0.7915078836896128
307-004-09,1.88,1.8623690183730064
307-007-06,3.56,3.546924078000137
307-008-06,4.19,4.192916667610033
307-010-01,3.67,3.7007139343271276
307-011-03,2.33,2.324756143341748
307-012-03,2.87,3.1946911045391655
307-013-03,2.25,2.847678128436584
307-014-03,3.1,3.6020600921226045
307-015-03,2.64,2.6594934312799916
307-016-03,2.34,2.3749093444265252
307-017-02,3.52,3.5180471472952104
307-018-01,2.24,2.2367716825277726
307-020-01,1.99,1.9981921143618222
307-021-03,2.11,2.9855571550406417
307-022-03,2.43,2.440271029669136
307-026-01,3.47,3.501755308394457
307-027-03,2.11,2.9685441969079065
307-028-03,4.7,4.6959495572054895
307-029-03,3.97,3.9524569134938146
307-030-01,4.43,4.431273428254473
307-031-01,4.42,4.402701809350431
307-032-02,4.0,3.9753227896933967
307-034-01,3.89,3.8578508543778813
307-035-01,3.48,3.4899107312498865
307-036-01,3.35,3.352839326098486
307-037-01,2.7,2.723935321576153
307-038-01,1.94,1.9188797569507385
307-039-01,3.52,3.545583514610907
307-040-01,4.63,4.613342663067967
307-041-01,2.32,2.622518503497
307-042-03,4.14,4.13057117425298
307-045-01,3.33,3.3214398121766506
307-046-01,2.73,2.736092122034771
307-047-01,4.72,4.702673824921366
307-048-01,4.4,4.356243631427452
307-049-01,3.28,3.2531099302694053
307-050-01,1.97,2.5166633135736065
307-051-01,3.48,3.460434666693168
307-058-01,4.29,3.201050510529451
307-059-01,4.57,3.7729352806197785
307-060-01,4.79,4.546903915834004
307-061-01,4.45,3.7573838108585145
307-062-01,4.35,4.220705723416068
307-063-01,3.47,3.4729103370187606
307-064-01,3.55,3.58203620477948
307-066-01,3.86,3.8524623342846533
307-067-01,4.61,4.579286543159853
307-068-01,2.75,2.793238741402985
307-069-01,3.84,3.8170002996914465
307-071-04,4.9,4.09882225344317
307-072-01,1.39,1.631106700534363
307-074-01,5.08,4.804119299920741
307-076-01,4.64,4.612025117376386
307-077-01,4.82,4.862886900964007
307-078-02,4.88,4.8656601607623315
307-081-03,3.68,3.665349637721585
307-085-02,3.83,3.8005747741517633
307-101-07,2.74,2.7148048539772067
307-109-06,0.83,0.8209245011419277
307-110-01,0.25,0.26314588747605994
307-111-06,1.32,1.331154194013421
307-112-04,1.11,1.1063689715804799
307-113-06,1.95,1.936183592486848
307-117-01,1.88,1.914496230107957
307-120-04,2.38,2.4306195251815823
307-121-01,1.11,1.1146495392289846
307-122-01,3.23,3.2640726053359517
307-125-02,1.33,1.3369440684060998
307-125-02,1.33,1.3369440684060998
307-129-03,4.04,4.036483776512899
307-130-03,3.96,3.9831945770709036
307-132-02,2.91,2.880839506289778
307-133-02,3.82,3.8303849020253673
307-134-02,3.96,3.964118969890617
307-136-07,0.36,0.32771760837740427
307-137-06,0.97,1.0106104593691168
307-138-07,0.92,0.9512159616228995
307-139-10,1.25,1.264123469523733
307-141-11,1.46,1.4353600156062414
307-142-01,1.64,1.6208918708600453
307-144-04,1.55,1.5180010886987256
307-145-03,1.41,1.4263277100050624
307-147-02,2.07,2.0601605599295043
307-149-04,1.12,1.1099765990352561
307-151-01,3.05,3.005627295924617
307-154-02,2.34,2.340828376616591
307-156-01,2.61,2.621378425697303
307-158-03,0.77,0.7294729578101555
307-159-03,3.3,3.281019788965203
307-165-01,0.95,0.9602660623760557
307-166-01,0.9,0.8744592378291283
307-167-04,2.56,2.5631942889234636
307-174-01,1.98,2.4278316580376447
307-175-01,3.13,3.102596582891481
307-176-01,2.27,2.273527315577353
307-177-01,1.51,1.491709741776308
307-178-01,2.02,2.020215660752163
307-181-01,4.7,4.718226572493197
307-182-02,3.63,3.6287723249466564
307-187-03,3.9,3.8692207735790847
307-188-01,1.9,1.8814502985846921
307-191-03,1.36,1.34657820460676
307-192-01,2.27,2.2462932871722066
307-194-04,1.33,1.3327014208864312
307-195-05,3.95,3.9715398421002086
307-196-04,1.31,1.2770785862778191
307-200-08,0.81,0.7795603220420868
307-204-03,0.72,0.7069133533416685
307-205-02,2.73,2.6981629769813575
307-206-05,1.98,2.101608149728654
307-207-03,2.48,2.4759850244167065
307-209-04,3.3,3.3113546980954296
307-210-04,1.48,1.4884678106646247
307-211-03,2.11,2.1138896249583414
307-214-03,0.26,0.22624177896767783
307-215-01,4.8,3.3571755933581615
307-216-03,4.98,4.825887075534908
307-217-03,4.65,4.656302054275735
307-218-03,0.26,0.23232326411699722
307-219-01,3.84,3.8538729921694013
307-221-01,3.82,3.851036018200948
307-222-01,2.18,2.982545153789594
307-223-02,5.08,5.073586063629914
307-225-01,3.61,2.988591100282449
307-226-02,0.62,0.6237094454607899
307-232-01,4.65,4.6075433224785955
307-233-01,4.95,4.910463525366056
307-234-01,4.74,4.74182930712437
307-235-01,3.82,2.848505985123788
307-236-01,3.34,3.3254637282299537
307-239-01,3.72,3.705526735687029
307-240-01,3.84,3.8539739793111827
307-241-01,4.26,4.228873318661
307-242-01,4.18,4.1566965903415305
307-243-01,2.24,2.605219046755991
307-244-01,2.18,2.212863733557723
307-246-01,4.44,4.459105502991779
307-247-01,3.83,3.8091485896612736
307-248-01,3.39,3.404855934637677
307-249-01,3.11,3.0976539231709177
307-254-01,2.03,2.026042205731253
307-255-01,1.48,1.4969105590576572
307-257-01,1.35,1.3161180226729714
307-258-01,1.09,1.1298645082278846
307-259-01,1.27,1.2735191899723466
307-260-01,1.47,1.4449358244176884
307-261-01,1.23,1.2254585866351508
307-262-01,1.21,1.1780821079407855
307-263-01,1.65,1.6252539228312721
307-264-01,1.76,1.7354316684109357
307-265-01,1.66,1.6528587477088204
307-268-04,0.63,0.6391354919925805
307-269-02,3.36,3.3454005473116806
307-270-06,2.55,2.5596756474919085
307-272-01,1.92,2.1926394766308066
307-273-02,2.6,2.6185957753084317
307-274-02,2.27,2.2944659659166593
307-275-02,2.53,2.54223885392322
307-276-02,3.37,3.326353842162038
307-277-02,2.97,2.9325987359843473
307-289-03,2.33,2.4158396075200326
307-292-04,0.98,1.0003419876406126
307-293-01,2.38,2.3698133138005772
307-297-01,1.03,1.0143550510775023
307-298-01,1.0,0.9979503106321355
307-300-14,3.8,3.762731801852877
307-301-19,2.11,2.0936145676716333
307-302-05,1.96,1.9427134183726635
307-304-01,2.08,2.1028350603236317
307-305-01,3.92,3.9158641342000573
307-306-01,3.53,3.4886515044678563
307-307-02,3.7,3.670789784354863
307-309-02,3.6,3.575665284691278
307-310-03,2.58,2.554513609269775
307-311-02,2.43,2.462185703881566
307-313-01,2.3,2.2672678503356183
307-315-01,1.57,1.5958908349192589
307-334-02,3.01,3.0338607604712564
307-335-02,4.08,4.043483274363987
307-343-02,2.75,2.765794501442005
307-357-01,1.51,1.5200466237051584
307-500-05,2.15,2.1621592557771177
307-501-05,1.83,1.7953302459164568
307-503-06,1.11,1.1477256629553945
307-504-10,2.54,2.54247637889923
307-507-01,1.89,1.8582539895235748
307-508-05,0.85,0.9001429901184594
307-509-03,2.24,2.2244136764828197
307-510-01,1.54,1.5332850456934057
307-512-01,1.66,1.1163007658110118
307-513-08,0.38,0.4479239837670579
307-523-01,3.62,2.7632067952696886
307-524-01,1.71,1.746525712785207
307-525-01,2.29,2.298267500352701
307-526-01,0.99,1.301098307311582
307-528-05,1.45,1.4402550076179814
307-600-05,2.59,2.46220236025715
307-602-06,1.86,1.8643481551635581
307-603-02,2.61,2.646302652286386
307-604-01,1.5,1.5363287659846248
307-606-01,1.91,1.8954815009126404
307-608-02,2.69,2.4867284676679273
307-611-04,2.13,2.1123992987452915
307-612-02,0.78,0.8166468874471344
307-614-01,1.86,1.8362961600796894
307-615-02,1.95,1.9412360776057351
307-617-01,0.5,0.6546069493251387
307-900-OE,0.63,0.6159980882453522
307-901-OE,1.52,1.5690137395118353
307-902-OE,2.05,2.080228188259987
307-903-02,3.12,3.085008695701124
307-904-OE,1.75,1.7449796367780457
307-905-OE,2.91,2.898265812952201
307-906-OE,3.22,3.180050660793131
307-907-OE,2.38,2.384202419127867
307-908-OE,3.33,3.336183574371251
307-909-OE,1.88,1.8925818883478336
307-910-OE,2.02,2.0088683727604875
307-911-OE,2.35,2.365837553670274
307-912-09,0.6,0.6288822091372421
405-047-01,0.99,0.9749596246341814
407-009-03,2.92,2.8924249076838047
407-009-10,4.49,3.9416482703152265
407-010-01,3.77,3.7569249090330956
407-011-01,4.08,4.07472092298288
407-012-01,3.22,3.250734002930252
407-013-01,2.91,2.9280078422428306
407-014-01,4.19,4.043895944266189
407-015-01,4.28,4.26656311253674
407-016-01,3.96,3.974392769006266
407-017-02,3.81,3.4192334805693894
407-018-01,3.61,3.5787613939477714
407-020-01,3.16,3.196281436625176
407-021-02,3.81,3.8429789188185497
407-022-03,2.95,3.019879725484574
407-023-03,2.92,3.421129442154687
407-024-01,4.46,4.428332216591038
407-025-01,3.88,3.8970371761065983
407-026-01,2.99,3.091646850028289
407-030-20,3.1,3.396082900092678
407-033-01,1.03,1.062366400923684
407-043-10,2.96,2.9303269815809525
407-044-04,1.73,1.7157236087645482
407-046-02,3.12,3.1521374881227904
407-050-05,3.79,3.522297811946809
407-050-07,2.46,2.5004344107666574
407-051-05,2.63,2.608597002164312
407-052-05,3.02,3.009317909456847
407-053-05,3.19,3.2087497357178796
407-056-05,2.33,2.3215920063234305
407-057-05,2.48,2.4958336009657685
407-059-02,2.25,2.258277603954431
407-061-01,3.13,3.132252884946085
407-062-01,2.23,2.2724934067311686
407-064-02,2.83,2.8647223090000224
407-065-01,4.38,4.342354385175087
407-067-02,2.77,2.762575501344814
407-068-02,2.17,2.2055469697277035
407-074-07,3.84,3.800516187502138
407-075-02,3.51,3.5014129407184518
407-084-06,3.41,3.4328325306426666
407-090-05,3.79,3.8120179558822027
407-096-01,3.45,3.423718062354821
407-098-02,2.63,2.603606381547407
407-100-02,4.75,4.742907863006408
407-101-02,3.21,3.220906045363301
407-102-02,3.42,3.4157190557788075
407-103-02,3.11,3.099250185477629
407-104-02,3.59,3.578399708179186
407-105-01,3.34,3.3217972270086187
407-106-01,3.17,3.195741112285202
407-107-02,3.26,3.2779293631559354
407-108-02,3.45,3.445409274398461
407-109-02,2.24,2.268489244018127
407-110-02,4.43,4.418231274197632
407-111-02,3.67,3.675874742635913
407-112-02,3.0,3.017105221972604
407-113-02,4.42,4.409882352712944
407-114-01,4.68,4.67292203245104
407-115-01,4.88,4.914148952536544
407-116-01,2.18,2.210181997488627
407-117-01,2.55,2.550231175417621
407-118-01,2.14,2.1441641426179903
407-119-02,3.1,3.060847494583816
407-120-02,2.21,2.20418997568581
407-121-02,4.23,4.232586883142096
407-122-02,2.68,2.686574639926657
407-123-01,3.16,3.1847573844986017
407-124-01A,3.6,3.60963889821791
407-124-01B,3.6,3.60963889821791
407-126-01,3.0,3.0330648743967226
407-127-01,2.73,2.764422808336604
407-128-01,3.23,3.2255112340469423
407-130-02,3.26,3.2745234669734895
407-131-02,4.24,4.2495048710804975
407-132-02,4.07,4.081515346699226
407-133-02,1.99,2.0343235110567015
407-134-06,3.05,3.0687146690829405
407-135-01,3.54,3.5173017793956474
407-136-04,3.96,3.976378334284902
407-137-01,2.96,2.9376071148459824
407-138-03,2.81,2.840328969218479
407-142-01,3.55,3.539106555501304
407-144-02,3.1,3.109471508650927
407-145-02,3.24,3.2813822995468698
407-148-01,3.0,3.005577493594319
407-149-01,3.14,3.12370393981808
407-152-02,3.53,3.512301416128107
407-153-02,3.7,3.7102510972127356
407-157-02,3.62,3.6273987412692206
407-158-02,3.64,3.6618176285701147
407-159-02,2.57,2.61371022942138
407-160-02,2.87,2.90027846696569
407-163-11,2.63,2.63131584834635
407-164-05,3.39,3.3625337352384577
407-166-09,1.9,1.9108234692861183
407-169-09,2.63,2.635052075259289
407-170-09,2.63,2.6548927406554768
407-171-01,2.95,2.989337503967408
407-172-01,2.11,2.8174946168713353
407-173-01,1.78,1.8115657312442592
407-176-01,2.47,2.449505360953863
407-177-02,3.59,3.6391108073507974
407-178-01,3.47,3.497117251753588
407-181-09,3.59,3.6391108073507974
407-185-01,3.47,3.497117251753588
407-186-01,3.17,3.17344407643118
407-187-01,2.47,2.4559927301716864
407-188-01,2.47,2.4555436005956226
407-192-06,3.1,3.0989883098076914
407-196-03,3.26,3.271070361847353
407-197-05,3.74,3.749279308582576
407-198-05,3.74,3.749279308582576
407-199-02,2.35,2.3764861709124236
407-200-01,2.21,2.2439435905792466
407-201-01,3.64,3.63266409715829
407-202-01,3.64,3.63266409715829
407-203-01,3.52,3.5341900363403482
407-204-02,3.23,3.223026393426629
407-206-08,3.57,3.609227194692217
407-207-08,3.57,3.5744104547538385
407-208-01,3.47,3.485456006140917
407-209-01,3.47,3.5032788005729274
407-210-03,3.27,3.3081914715962455
407-211-03,3.26,3.259488544229201
407-214-01,3.99,3.9713984062760472
407-215-01,3.99,4.011986615743876
407-221-01,3.52,3.5511362532263973
407-222-01,3.52,3.532434186886646
407-224-01,3.18,3.157084758447465
407-225-01,3.18,3.16486222057907
409-054-01,1.91,1.9472504627013811
410-001-10,2.84,2.819020078856801
410-006-02,2.48,2.463945290247098
410-009-05,1.94,1.9552198110992953
410-010-05,2.71,2.306505906507549
410-013-04,3.72,3.703085618491392
410-013-05,2.36,2.3259872991962878
410-014-05,2.01,1.9992106590545533
410-019-04,3.7,3.68992706540369
410-019-05,2.26,2.2439168977156623
410-021-04,3.72,3.703982334223943
410-021-05,2.24,2.2584777594038203
414-002-06,3.96,3.9297445257336423
414-005-07,4.02,4.032152647252781
414-013-05,3.59,3.596967278662192
414-025-02,3.58,3.5658497261787354
414-034-01,4.43,4.428566991456729
414-037-01,3.87,3.867497131341572
414-045-03,4.04,4.020214463889937
414-052-01,2.76,2.746510181956021
414-054-03,3.4,3.434480854502066
414-059-01,4.23,4.204269913335981
414-062-02,4.16,4.121756396832736
414-068-03,3.94,3.912748751754911
414-071-03,4.15,4.121642796460614
414-072-03,3.94,3.912748751754911
414-074-01,4.59,4.596160393668709
414-076-02,3.85,3.841827788444868
414-081-04,3.79,3.7788526045887716
414-118-01,3.14,3.1828487705098416
414-119-01,2.98,2.9344578251618274
414-120-01,2.94,2.9278136820887095
414-301-04,3.72,3.739527688091326
414-304-03,4.21,4.170085545955773
414-309-03,3.64,3.6601273430483214
414-316-03,4.11,4.134365350652539
414-320-03,4.13,4.121764918363213
414-343-01,3.48,3.4601717704302404
414-347-01,4.13,4.15660152161228
414-348-01,2.98,2.9812188982994337
415-001-02,2.44,2.4317618461075066
415-003-01,3.08,3.062671567343859
415-016-01,2.71,2.693488700445676
415-019-02,3.14,3.1145695176243966
415-021-01,2.68,2.6522649817120927
415-024-01,2.96,2.9194644977290682
415-029-03,2.7,2.6807670590276844
415-038-03,2.91,2.8769486151530193
415-039-01,2.9,2.9106234544587664
415-041-02,2.71,2.7175442033395543
415-042-02,2.75,2.752672597773035
415-043-02,2.55,2.557188716492197
415-044-02,2.44,2.4599214513536385
415-048-01,2.59,2.578592939546101
415-049-03,3.0,2.9684586994343114
415-054-02,3.04,3.012531598163888
415-058-01,2.68,2.6640391515078585
415-059-02,2.76,2.765174956736247
415-061-03,3.04,3.020351124906705
415-062-03,2.8,2.7604352721641474
415-063-03,2.69,2.708323528249098
415-068-01,2.88,2.866114544111323
415-070-03,2.68,2.672544107961883
415-071-03,2.66,2.6626391117987738
415-073-01,3.1,3.0616615153540807
415-074-01,3.03,3.0327886198384997
415-083-03,3.18,3.143979860762699
415-084-03,2.77,2.76787472011004
415-085-03,2.92,2.9130985836273844
415-090-03,2.73,2.7350152613376473
415-116-02,2.89,2.857669355771508
415-117-01,2.99,3.0203793472781237
415-117-01,3.03,3.0203793472781237
415-118-01,2.91,2.9445658492781606
415-118-01,2.95,2.9445658492781606
415-119-04,3.04,3.007981743847876
415-120-02,2.82,2.80736363316702
415-121-02,2.8,2.785781394290048
415-125-03,2.92,2.9053907996138264
415-126-03,2.61,2.6118460976879523
415-148-02,3.13,3.1023393081499804
415-149-02,3.1,3.0843114038145694
415-150-03,3.03,3.0259583323216415
415-151-03,2.95,2.9445658492781606
415-162-01,2.49,2.4583493113968444
415-206-01,3.38,3.3750934952059604
415-208-03,2.78,2.765777715272761
415-209-01,3.16,3.1299957891385772
415-210-01,3.19,3.189123678091537
415-211-01,2.45,2.4459347657236905
415-213-01,3.05,3.0479816297059132
504-001-01,3.51,2.774180079732114
504-002-02,1.93,1.9052374076134877
504-003-01,2.84,2.5186037077146692
504-004-02,1.88,1.9099270054381017
504-005-02,1.58,1.7212578225420267
504-006-02,2.34,2.3663595746415043
504-010-02,2.35,2.3158370521475313
504-012-02,0.45,1.4517540478800828
504-013-02,1.25,1.2769442150377435
504-014-02,2.42,2.3794891179363136
504-018-01,2.67,2.6773643280700155
504-019-01,0.38,0.9898006540356108
504-023-01,2.3,2.3279483240350336
504-029-01,2.32,2.306114982100442
504-038-01,0.22,0.6542260231667614
504-038-01,0.62,0.6542260231667614
504-038-02,1.2,0.7315073661566154
504-039-01,0.64,0.6542260231667614
504-040-01,1.6,1.2592525145840372
504-043-01,1.43,1.4451834087277358
504-045-01,2.47,2.500826320822134
504-045-05,2.5,2.500826320822134
504-046-01,1.28,1.2968506335906018
504-047-01,0.51,0.7660709384434745
504-048-01,0.89,0.93159126315182
504-049-01,0.59,0.6328359020184595
504-050-01,0.34,0.38088308715134866
504-051-01,1.75,1.7560874092839873
504-052-01,1.67,1.6997146712584472
504-053-01,1.76,1.6940625683811659
504-054-01,1.66,1.6526968166661749
504-056-01,2.04,2.039597973428454
504-057-01,0.92,0.9009518377711259
504-058-01,1.11,1.1520237651068075
504-059-01,1.05,1.0760196466782799
504-061-01,1.49,1.492117940747495
504-064-01,1.5,1.4849985152714003
504-069-01,1.02,1.0642127023439407
504-070-01,0.78,0.8096630398549216
504-072-01,1.91,1.928344823042143
504-073-01,1.69,1.703121023283571
504-074-01,1.45,1.4793773953222322
504-075-01,1.66,1.6872902430510024
504-081-01,0.96,1.00090795283496
504-084-01,0.64,0.6370658674668177
504-087-01,2.93,2.3511587241886094
504-089-01,1.17,1.191813220699859
504-090-01,1.13,1.2216109776147945
504-092-01,1.64,1.6704689134726562
504-093-01,1.23,1.2069677677565518
504-094-01,1.05,1.0905748856226505
504-095-01,0.64,1.1227545795657736
504-096-01,2.24,2.2379505050918773
504-101-01,0.49,1.208760599883047
504-102-01,1.29,1.3185513738914394
504-102-01,1.31,1.3185513738914394
504-108-02,0.93,1.0348947247837157
504-109-01,1.0,0.9980707877338566
504-115-01,0.38,0.5477913519970872
504-116-01,0.83,0.8586716174373303
504-117-01,1.58,1.625232170527358
504-119-01,1.35,1.392896067804453
504-121-01,1.97,2.162622116656598
504-122-01,1.44,1.3786249075491877
504-133-01,2.52,1.442432964361315
504-134-01,1.35,1.6044338996333356
504-135-01,1.71,1.3613125738706229
504-136-01,1.44,1.4367441719524914
504-138-01,1.39,1.670218011922538
504-140-01,0.95,0.9856071284930472
504-140-46,1.79,1.811679817377494
504-140-47,1.06,2.3036419395281005
504-140-48,2.78,2.8242049198092953
504-140-49,3.1,3.1259070492200838
504-142-01,0.25,0.7315073661566154
504-144-01,1.71,1.7252046528189904
504-145-01,1.59,1.5639673175858575
504-146-01,0.9,0.9102637886187894
504-149-01,1.82,1.8107228294112356
504-150-01,0.73,0.8121337298318645
504-154-01,2.55,2.342600409269435
504-156-01,1.92,1.9200278838549671
504-157-01,2.58,2.561002761184923
504-158-01,2.69,2.684119969116412
504-161-01,1.99,1.9877889577848464
504-163-01,3.87,3.839668485526664
504-164-01,2.67,2.66122388108802
504-165-01,1.57,2.090004146788317
504-166-01,3.01,3.0098596620059164
504-174-01,0.73,0.8188486054591846
504-175-01,1.08,1.0807672667884045
504-176-01,1.2,1.240624660588339
504-177-01,1.43,1.4512665030531018
504-178-01,1.04,1.0363967851470997
504-180-01,0.71,0.704426000274339
504-182-01,0.41,0.49157111943609033
504-183-01,0.65,0.6835629895695425
504-193-01,2.2,2.191095697132649
504-194-01,2.44,2.4888832742702416
504-195-01,0.99,1.1979485866322013
504-206-01,0.29,0.5391461466247893
504-207-01,0.5,1.0886229770954565
504-226-01,2.55,2.5351415225071685
504-227-01,1.46,1.4107650939486902
504-228-01,1.41,1.3249710990222057
504-228-02,1.33,1.3249710990222057
504-229-01,1.16,1.1918695705833051
504-230-01,0.67,0.6889258934620242
504-231-01,1.35,1.3821145714735312
504-232-01,0.84,1.4329101339714474
504-233-01,1.23,1.3332314672330172
504-233-01,1.35,1.3332314672330172
504-233-01,1.35,1.3332314672330172
504-233-02,1.35,1.3332314672330172
504-235-01,0.94,1.1153982620382652
504-236-01,1.63,1.4175039237508176
504-239-01,1.4,1.402619189446431
504-240-01,1.54,1.528810558124909
504-241-01,1.9,1.8852337964163426
504-242-01,1.63,1.6302022635454505
504-250-01,1.18,1.0442033898365355
504-255-01,2.05,2.051679067589104
504-260-01,1.53,1.525191692150511
504-262-01,1.31,1.324092626083917
504-263-01,1.43,1.6044833206298734
504-264-01,1.68,1.6641544556130512
504-265-01,1.37,1.3624382572545293
504-266-01,1.04,1.0388097645674539
504-267-01,1.24,1.2254939094606248
504-268-01,1.74,1.7573051625567482
504-270-01,2.13,2.157221158016964
504-274-01,2.26,2.2481647915139944
504-275-01,1.87,1.872822290670768
504-280-01,1.96,1.9460411119676153
504-281-01,2.21,2.233179049006287
504-282-01,1.86,1.8615251195143645
504-283-01,1.99,2.0129720569721794
504-284-01,1.99,2.0129720569721794
504-286-01,2.04,2.065910468272306
504-289-01,1.53,1.5651146970802352
504-290-01,2.23,2.221263485534605
504-291-01,2.65,2.660658247205715
504-298-01,2.17,2.165336499496986
504-298-04,2.27,2.28972383631539
504-298-05,2.27,2.165336499496986
504-299-01,1.48,1.5097406923531076
504-300-01,0.45,0.6243557277374303
504-308-01,0.34,1.6576696981831902
504-309-01,3.38,3.2170861497137913
504-311-01,2.4,2.11354358057165
504-312-01,2.47,2.470674307198471
504-314-01,2.8,2.8205592210700257
504-316-01,3.09,2.285880966506118
504-317-01,2.62,2.3409435277398494
504-318-01,1.84,1.8550668189499377
504-319-01,2.31,2.279932259873652
504-322-01,2.31,2.3337622893503416
504-323-01,2.71,2.691190806498378
504-327-01,3.25,2.480116387013287
504-328-01,3.07,3.0679692661831814
504-329-01,3.26,3.121200793940168
504-331-01,3.11,3.104883353662337
504-332-01,2.31,2.2833197203421163
504-333-01,2.42,2.4005707145447355
504-334-01,2.07,2.0730348984476175
504-336-01,2.49,2.508785474913691
504-337-01,2.99,2.8014170368308884
504-339-01,2.69,2.653231611676536
504-342-01,2.39,2.369932562423376
504-343-01,1.53,1.6884388051065602
504-345-01,1.66,1.6884388051065602
504-346-01,2.63,2.2204559365669456
504-347-01,1.51,1.5126462973914094
504-348-01,1.7,1.6830617272791075
504-349-01,1.68,1.6568232624027224
504-350-01,1.21,1.1855308579324526
504-351-01,1.95,1.9530800956682297
504-354-01,1.69,1.7188194137200583
504-355-01,2.51,2.4922045193988693
504-356-01,2.56,2.5370564280141026
504-357-01,2.03,2.048323061302701
504-358-01,1.54,1.5489350262305317
504-360-01,1.81,1.805456781909139
504-361-01,1.32,1.3312011589666226
504-362-01,1.62,0.939391881075021
504-362-03,0.95,0.939391881075021
504-363-01,1.8,1.7859007716611306
504-364-01,0.73,0.8467646146458612
504-366-01,0.87,1.3889009802205132
504-367-01,1.29,1.2812973528858578
504-368-01,1.59,1.640848040092219
504-369-01,1.95,1.9502098504195176
504-370-01,2.05,2.035187295284133
504-371-01,1.13,1.1487843373371507
504-372-01,1.38,1.37573188065301
504-373-01,1.67,1.6586217446115081
504-374-01,1.77,1.7560153399739584
504-375-01,0.46,0.4693479069417843
504-376-01,0.66,0.6890393715892609
504-377-01,0.9,0.9092963446582147
504-378-01,1.0,0.989652980213009
504-379-01,0.3,0.272523708919147
504-380-01,0.5,0.4935028050573589
504-381-01,0.74,0.7547169178929027
504-382-01,0.83,0.8540269714077215
504-383-01,0.82,0.8447446017715503
504-384-01,1.03,1.0473593334311908
504-385-01,1.31,1.310039065803081
504-386-01,1.4,1.3969641152712522
504-387-01,0.71,0.7083591264127214
504-388-01,0.92,0.9376251695282893
504-389-01,1.19,1.1684698208917377
504-390-01,1.3,1.3260251941282255
504-391-01,1.88,1.8594860902838537
504-393-01,4.02,3.5753744151616456
504-395-01,2.77,2.8200506062613915
504-403-01,1.15,1.3666348871363092
504-404-01,1.63,1.6677301920527323
504-405-01,2.45,2.0185597384451754
504-406-01,2.41,2.3833609288408595
504-407-01,2.51,2.4988558361039277
504-408-01,2.34,2.3677189615447074
504-409-01,2.0,2.025821281110839
504-411-01,0.84,1.1717433320210855
504-412-01,2.43,2.440555969236048
504-414-01,2.29,2.263328455630471
504-415-01,2.13,2.1152670122801664
504-416-01,2.24,2.2512406796228728
504-417-01,2.16,2.1882139287234144
504-417-05,1.82,2.1882139287234144
504-419-01,3.07,3.030888864983805
504-420-01,2.57,2.367226533997611
504-420-05,2.27,2.367226533997611
504-434-01,3.13,3.1281255678105495
504-435-01,2.23,2.2215036658293217
504-436-01,2.8,2.5652009340164215
504-437-01,2.86,2.12657885151887
504-439-01,1.61,1.6442679515384566
504-440-01,3.9,3.8907570311016104
504-443-01,2.18,2.2096520150253287
504-444-01,1.97,1.9923445794430044
504-445-01,2.36,2.3916150665103966
504-446-01,2.0,2.0389717049028775
504-447-01,2.24,2.2541679905533885
504-449-01,2.15,2.18862822312564
504-450-01,2.57,2.5461736636686316
504-451-01,2.61,2.6278306070975543
504-452-01,1.7,1.7274596723175044
504-453-01,1.93,1.9349909775226226
504-454-01,2.01,2.01967558512101
504-456-01,2.16,2.1838173141413346
504-457-01,1.26,1.8397921859077897
504-458-01,1.3,1.3555628466240885
504-460-01,2.92,2.919443549324879
504-465-01,2.51,2.517565808351541
504-466-01,2.5,2.539088907566066
504-472-01,1.32,1.3107937661764613
504-473-01,1.66,1.632767816218168
504-475-01,1.9,1.6482331969984916
504-479-01,1.83,1.8506120879734367
504-480-01,2.8,2.7784127587740577
504-483-01,2.63,2.6265886975702624
504-492-01,1.97,1.8780395572395603
504-496-01,2.45,2.4340118451056245
504-498-01,0.76,0.8135534187204958
504-499-01,0.98,1.0132831341762878
504-505-01,0.75,0.7758629006781348
504-507-01,0.98,1.1483004016322558
504-519-01,0.77,0.9882789260570348
504-521-01,1.08,1.107912899290667
504-522-01,1.87,1.8709666369000386
504-523-01,2.85,2.84987337708696
504-524-01,0.94,1.567726669668387
504-525-01,1.65,1.6482331969984916
504-526-01,2.37,2.3882478215606278
504-529-01,2.73,2.7244424545347403
504-530-01,0.58,0.6185561962798851
504-531-01,2.71,2.7381979620040227
504-532-01,0.85,1.6362104151328283
504-533-01,2.74,2.7489139794335307
504-534-01,1.03,1.5396266742973488
504-535-01,2.53,2.5193736627122787
504-536-01,1.14,1.1740007138906288
504-539-01,1.76,1.8780395572395603
601-800-01,4.89,4.906933846139091
601-800-07,3.34,3.3297923051486173
601-800-08,3.01,3.029144863155399
601-802-01,2.09,2.1038605949478253
601-803-01,2.16,2.1937883736817136
601-804-02,3.72,3.709872603227025
601-804-03,4.42,4.348786535269508
601-810-01,2.47,2.4747026670180072
601-811-01,2.54,2.5458611490037946
AGH-038-02,1.91,1.9099270054381017
AGH-039-01,1.76,1.7855983675137086
AGH-044-02,2.05,2.076036804822156
AGH-075-02,2.76,2.7996452671797756
AGH-079-02,3.24,2.160855351696754
AGH-096-02,2.61,2.5863112654839275
AGH-102-01,1.68,1.6792485667613661
AGH-107-02,2.97,2.965661483297889
AGH-108-02,2.77,2.5117422377082197
AGH-110-01,0.96,1.1022374541189088
AGH-116-02,3.18,2.4827936462315945
AGH-117-01,0.89,1.625232170527358
AGH-126-02,2.4,2.4002336514224734
AGH-137-02,2.92,2.6829541907995247
AGH-138-02,3.51,3.533950561823441
AGH-140-02,3.84,3.8450199236005824
AGH-145-05,3.18,2.5186037077146692
AGH-151-01,0.34,0.8384319027533138
AGH-154-01,2.97,2.342600409269435
AGH-179-02,2.89,1.9748010642297724
AGH-188-01,2.42,2.4520304483990003
AGH-192-02,3.03,3.0304994230435813
AGH-194-02,2.76,2.7972544660601755
AGH-194-02,2.79,2.7972544660601755
AGH-194HCl,2.76,2.781817928273787
AGH-226-02,2.85,2.839559224541454
AGH-232-02,3.06,2.305497213333258
AGH-234-02,2.95,2.0247118617481386
AGH-236-02,2.3,1.6908319668223464
AGH-282-01,0.97,0.28396475351667094
AGH-355-02,3.71,3.70116542556339
AGH-356-02,3.61,3.5938909708610165
AGH-494-01,0.29,0.4000635069764864
AGH-537-01,3.68,3.53429296783266
AGH-548-01,1.78,1.2111819096428587
AGH-549-01,0.52,0.8372781005976986
AGH-616-02,3.83,3.8062655586838465
CPBB-169-01,4.9,3.897871981568685
CPBB-251-03,5.04,5.055187161669295
CPBB-252-03,4.21,4.19732662972247
CPBB-254-01,4.78,4.3146382972892745
CPBB-255-01,4.63,4.655025991148398
CPBB279-07,4.74,4.773266553064124
CPBB280-07,4.82,4.825578488714347
Serodolin,2.56,2.5566875952490737
_E-55888,0.68,0.7044286280129528
_LP-12,4.47,4.4566741953372
_LP-211,3.42,3.4483545104606264
_RA-7,3.53,3.533976230471537
_SB258719,1.95,1.9502421818435005
_SB269970,1.16,1.1325458970020974
