MOLECULE_NAME,y_true,y_pred,residual,std_residual,leverage
100-00-5,2.39,2.1941729,0.195827141,0.341619524,0.091288745
100-01-6,2.025,1.419269,0.605731034,1.056694933,0.176476848
100-02-7,1.91,1.8979045,0.012095485,0.021100516,0.209473011
100-06-1,1.74,1.0956445,0.644355526,1.124075177,0.221230908
100-09-4,1.96,1.874814,0.085185966,0.148606517,0.160851525
100-18-5,5.23,4.837834,0.392166119,0.684131945,0.267828117
100-20-9,0.88,1.5289617,-0.648961658,-1.132110553,0.295518144
100-21-0,1.987,1.907945,0.079054963,0.13791101,0.273139531
100-25-4,1.46,1.6302371,-0.170237103,-0.296977823,0.24830237
100-39-0,2.92,2.6117477,0.308252258,0.537744611,0.093743329
100-40-3,3.93,3.858956,0.071043901,0.123935751,0.224826992
100-41-4,3.125,3.0908654,0.034134626,0.059547695,0.083354918
100-42-5,2.967,3.244294,-0.277293928,-0.48373795,0.135761379
100-44-7,2.3,2.439916,-0.139915895,-0.24408262,0.115098147
100-46-9,1.09,1.605275,-0.515275035,-0.898894869,0.10728633
100-47-0,1.56,2.8774827,-1.317482653,-2.298342275,0.073156601
100-51-6,1.1,1.6461884,-0.546188378,-0.952823051,0.121483334
100-52-7,1.48,1.4238166,0.056183438,0.098011743,0.198705693
100-61-8,1.68,1.740217,-0.06021697,-0.105048221,0.219257299
100-66-3,2.11,2.0374205,0.072579489,0.126614576,0.149566573
100-68-5,2.74,2.992961,-0.25296093,-0.441289149,0.090495677
100-69-6,1.465,1.6824789,-0.217478905,-0.379390924,0.209813345
100-97-0,-2.18,-1.1681675,-1.011832528,-1.765137074,0.647334343
1003-03-8,0.83,1.7873969,-0.957396908,-1.670174391,0.119957246
10031-82-0,2.09,1.9217815,0.16821846,0.29345631,0.273340321
10041-19-7,3.95,4.6145244,-0.664524364,-1.159259621,0.346801225
101-41-7,1.825,2.096027,-0.271026897,-0.472805145,0.105787413
101-43-9,3.13,3.14464,-0.014639969,-0.025539357,0.216112392
101-81-5,4.14,4.2353487,-0.095348701,-0.16633536,0.207187759
101-84-8,4.21,4.3236246,-0.113624611,-0.198217598,0.272092563
101-94-0,3.79,3.375376,0.414624014,0.723309637,0.18749979
101-97-3,2.28,2.6134846,-0.333484621,-0.581762349,0.101729094
10127-27-2,-1.56,-0.8360799,-0.723920105,-1.262875209,0.37100955
10191-18-1,-3.59,-2.353878,-1.236121979,-2.156408963,0.288479472
102-09-0,3.28,3.4754968,-0.195496769,-0.341043192,0.296559013
102-69-2,2.79,2.6746616,0.115338364,0.201207232,0.45165908
102-76-1,0.237,-0.14991722,0.386917215,0.674975257,0.381660497
103-09-3,4.16,4.2464185,-0.086418476,-0.150756624,0.124986615
103-11-7,4.64,4.8151417,-0.175141678,-0.305533831,0.099127135
103-16-2,3.2,3.25873,-0.058729935,-0.102454094,0.237781973
103-23-1,8.94,7.785168,1.154831829,2.014598681,0.32100033
103-25-3,2.32,2.1745744,0.145425625,0.253694317,0.185284122
103-28-6,2.99,3.1814492,-0.191449175,-0.333982183,0.272970535
103-30-0,4.81,4.5288754,0.281124649,0.490420625,0.173456356
103-33-3,3.82,3.1222687,0.697731323,1.217189004,0.430903154
103-37-7,3.127,3.0955548,0.031445171,0.054855953,0.163294557
103-38-8,3.26,3.3165045,-0.056504478,-0.098571796,0.220700668
103-41-3,4.18,4.1899023,-0.009902306,-0.017274525,0.221917011
103-45-7,2.3,2.3851225,-0.085122538,-0.148495866,0.117437775
103-47-9,-2.2,-0.99885285,-1.201147151,-2.095395541,0.204244336
103-50-4,3.31,3.3406868,-0.030686798,-0.053532975,0.30790393
103-52-6,2.48,2.8589137,-0.37891366,-0.661013093,0.11962732
103-60-6,3.2,2.8440108,0.35598917,0.621021429,0.226361272
103-63-9,3.09,3.2792451,-0.189245138,-0.330137251,0.115472374
103-65-1,3.69,3.536255,0.153745117,0.268207632,0.106162214
103-82-2,1.41,1.819371,-0.409370985,-0.714145753,0.340073825
103-90-2,0.468,1.0596316,-0.591631586,-1.032098512,0.285357842
1034-01-1,3.66,3.7604601,-0.100460138,-0.175252238,0.279326996
104-51-8,4.38,3.9572818,0.422718172,0.737429858,0.093830874
104-54-1,1.7,2.1077764,-0.407776403,-0.711364013,0.126349611
104-72-3,7.37,7.8121867,-0.442186718,-0.771392645,0.068799667
104-76-7,3.1,2.9580162,0.141983843,0.247690144,0.105537252
104-83-6,3.18,2.4859667,0.694033318,1.21073785,0.150731768
104-93-8,2.66,2.0987267,0.561273251,0.979138539,0.112284999
104-94-9,0.95,0.65898025,0.29101975,0.507682581,0.248142374
105-05-5,4.45,3.8704584,0.579541636,1.011007651,0.283951912
105-11-3,1.49,1.1685401,0.32145988,0.560785245,0.220027464
105-13-5,1.1,1.1806599,-0.08065989,-0.140710798,0.159118503
105-36-2,1.12,0.6690672,0.450932796,0.786650136,0.065188962
105-37-3,1.21,1.1289314,0.081068597,0.141423785,0.114169785
105-38-4,1.36,0.92769796,0.432302043,0.754148876,0.290211787
105-39-5,0.94,0.830056,0.109943988,0.191796769,0.111145168
105-45-3,-0.33,-0.6143724,0.284372373,0.496086263,0.176507652
105-46-4,1.615,1.4000248,0.214975228,0.375023272,0.15853555
105-53-3,0.96,0.8831699,0.076830111,0.134029766,0.199786107
105-58-8,1.21,0.72584796,0.48415204,0.844600952,0.167297362
105-67-9,2.3,2.1712446,0.128755379,0.224613151,0.117286265
105-74-8,6.5,5.9721107,0.527889252,0.920900311,0.256835072
105-87-3,4.04,4.102498,-0.062498055,-0.109027561,0.281949972
105-99-7,4.17,4.131627,0.038372917,0.066941373,0.261057067
10519-11-6,4.45,4.4995303,-0.049530315,-0.086405402,0.239748443
10521-91-2,2.89,2.7345157,0.155484333,0.271241686,0.099719842
106-18-3,6.51,6.48225,0.027749786,0.048409371,0.085887112
106-21-8,3.99,3.7808821,0.20911788,0.364805155,0.150247482
106-22-9,3.91,4.1813264,-0.271326389,-0.473327607,0.156661386
106-24-1,3.56,3.6065147,-0.046514692,-0.081144661,0.158884017
106-25-2,3.47,3.538663,-0.06866291,-0.119782124,0.153184005
106-31-0,1.39,1.9254745,-0.535474524,-0.934132783,0.204181193
106-32-1,4.47,4.519962,-0.049961834,-0.087158184,0.069422336
106-37-6,3.79,3.7423751,0.047624865,0.083081352,0.111674909
106-38-7,3.42,3.0913875,0.32861249,0.573262939,0.100036455
106-41-2,2.59,1.9661263,0.623873677,1.088344688,0.170139728
106-42-3,3.15,2.9725764,0.17742362,0.309514669,0.193834499
106-43-4,3.33,2.871215,0.458784895,0.800348086,0.085163598
106-44-5,1.94,2.28723,-0.347230015,-0.605741124,0.119713538
106-46-7,3.417,3.5084605,-0.091460522,-0.159552449,0.080478958
106-48-9,2.39,1.2490119,1.140988126,1.990448406,0.156171059
106-49-0,1.39,1.4424884,-0.052488432,-0.091565822,0.210746824
106-51-4,0.2,-0.18013002,0.38013002,0.663135027,0.595336107
106-63-8,2.22,2.1568515,0.06314847,0.110162208,0.116262371
106-79-6,3.38,3.151388,0.22861207,0.398812678,0.172451717
106-88-7,0.68,0.88793457,-0.207934566,-0.362740869,0.136830061
106-89-8,0.387,-0.054061893,0.441061893,0.769430393,0.096805499
106-91-2,0.96,0.6021235,0.357876501,0.624313869,0.167399298
106-93-4,1.96,1.7447749,0.215225062,0.375459106,0.108016229
106-94-5,2.1,1.99259,0.107410049,0.187376325,0.08155915
106-95-6,1.79,1.9964634,-0.206463418,-0.360174459,0.139646298
106-98-9,2.4,2.6836004,-0.283600426,-0.494739605,0.091837222
1068-27-5,5.7,4.716462,0.983537865,1.715777167,0.784563251
107-02-8,0.293,0.30463144,-0.011631442,-0.020290995,0.371596728
107-03-9,1.773,1.7731088,-0.00010884,-0.000189871,0.057373513
107-05-1,2.1,1.3212243,0.778775668,1.358570481,0.142495396
107-06-2,1.48,0.60662305,0.873376946,1.523601965,0.189487581
107-07-3,-0.06,-0.07768734,0.017687338,0.030855478,0.080893029
107-10-8,0.37,0.592875,-0.222875004,-0.388804393,0.081678452
107-11-9,0.03,0.63859653,-0.608596535,-1.061693785,0.143405368
107-12-0,0.16,1.3889679,-1.228967872,-2.143928657,0.138601081
107-13-1,0.25,1.011754,-0.761754036,-1.328876324,0.191408567
107-15-3,-1.76,-0.2511875,-1.508812497,-2.632116286,0.144201556
107-18-6,0.17,0.8245365,-0.654536502,-1.141835842,0.131061084
107-19-7,-0.38,0.13207039,-0.512070392,-0.893304385,0.370084507
107-21-1,-1.36,-0.27091667,-1.089083329,-1.899900733,0.081547727
107-22-2,-1,-0.011488031,-0.988511969,-1.72445447,0.815522436
107-31-3,-0.09,-0.39931688,0.309316877,0.539601834,0.107914377
107-35-7,-1.3,-1.1821365,-0.117863464,-0.205612258,0.091971926
107-41-5,0.58,1.0840055,-0.504005475,-0.879235175,0.128727215
107-71-1,1.6,1.6068414,-0.006841445,-0.011934868,0.13710421
107-86-8,0.53,0.46661016,0.063389837,0.110583271,0.286406276
107-87-9,0.91,0.95359147,-0.043591466,-0.076045107,0.193547458
107-88-0,-0.29,-0.7299519,0.439951918,0.767494047,0.101960669
107-92-6,0.79,1.0112214,-0.221221409,-0.385919705,0.324913184
108-03-2,0.87,1.074645,-0.204645042,-0.357002312,0.177512965
108-05-4,0.73,0.13546881,0.594531189,1.037156856,0.297868064
108-09-8,1.2,1.8758188,-0.675818849,-1.178962795,0.169642686
108-10-1,1.333,1.6054353,-0.272435252,-0.475262013,0.195344538
108-11-2,1.43,1.425564,0.004435949,0.007738493,0.128306929
108-20-3,1.52,1.7424265,-0.222426515,-0.388022006,0.244028292
108-21-4,1.02,0.95660746,0.063392539,0.110587985,0.156931196
108-24-7,-0.27,0.90571725,-1.175717254,-2.051033205,0.186623901
108-31-6,-2.645,-0.68477154,-1.960228462,-3.41960931,0.211501256
108-32-7,-0.41,0.4349712,-0.844971213,-1.474048298,0.176434566
108-38-3,3.2,3.1416378,0.058362198,0.101812579,0.136151616
108-39-4,1.96,1.9370923,0.022907696,0.039962367,0.139740847
108-43-0,2.49,2.2380111,0.251988878,0.43959341,0.097499503
108-44-1,1.4,1.9956926,-0.595692611,-1.039182951,0.153884616
108-46-3,0.797,1.4318088,-0.634808829,-1.10742101,0.621277878
108-48-5,1.68,1.9469513,-0.26695127,-0.465695232,0.289770381
108-62-3,0.12,1.3333261,-1.213326101,-2.116641663,0.831802114
108-64-5,2.47,2.0581,0.411900015,0.718557634,0.107426917
108-67-8,3.42,3.0951247,0.324875278,0.566743391,0.301587831
108-68-9,2.35,1.9437507,0.406249261,0.70869992,0.277947309
108-70-3,4.17,2.6473517,1.522648258,2.656252707,0.102186302
108-75-8,1.88,2.0874994,-0.20749938,-0.36198169,0.273087354
108-83-8,3.71,2.929781,0.78021904,1.361088436,0.356781214
108-86-1,2.99,3.3885384,-0.398538361,-0.695248291,0.045377575
108-87-2,3.61,3.7645035,-0.154503479,-0.269530591,0.102625785
108-88-3,2.72,2.7324235,-0.012423544,-0.021672814,0.048827396
108-89-4,1.21,1.3463652,-0.136365213,-0.237888472,0.215042086
108-90-7,2.62,2.3658936,0.254106398,0.443287413,0.039231734
108-91-8,1.46,1.967653,-0.507653036,-0.885598328,0.168508274
108-93-0,1.22,1.1941178,0.025882215,0.045151403,0.148214331
108-94-1,0.81,1.9141674,-1.104167404,-1.92621483,0.309299009
108-95-2,1.46,1.8406116,-0.380611577,-0.663975102,0.206563716
108-98-5,2.52,2.951701,-0.431700926,-0.75310023,0.072771744
108-99-6,1.2,1.0105996,0.189400387,0.330408082,0.184754783
1082-88-8,1.21,0.9838882,0.226111791,0.394450953,0.401617513
109-21-7,2.16,2.4062743,-0.246274319,-0.429624388,0.092841554
109-52-4,1.39,0.97547615,0.414523854,0.723134909,0.095051803
109-60-4,1.24,1.1761394,0.063860645,0.111404595,0.163469614
109-64-8,2.37,1.5605277,0.809472318,1.412120641,0.182160001
109-65-9,2.75,2.4076624,0.342337608,0.597206344,0.083248593
109-66-0,3.39,3.0635872,0.326412811,0.56942561,0.095813285
109-69-3,2.605,2.1287582,0.476241808,0.830801588,0.060553774
109-70-6,2.18,1.2942748,0.885725193,1.545143423,0.097135246
109-73-9,0.943,0.9185308,0.024469178,0.042686366,0.080386253
109-76-2,-1.43,-0.92829883,-0.501701169,-0.875215324,0.179194518
109-79-5,2.28,1.7046875,0.575312524,1.003629985,0.06852811
109-86-4,-0.681,-0.8137614,0.132761413,0.231601659,0.153454453
109-87-5,0.09,0.36130726,-0.271307263,-0.473294242,0.342270924
109-89-7,0.58,0.99718416,-0.417184157,-0.727775795,0.258105129
109-92-2,1.04,0.32750472,0.712495276,1.242944649,0.346158891
109-94-4,0.23,0.56650066,-0.336500664,-0.587023821,0.134330514
109-97-7,0.75,0.34342837,0.406571627,0.709262286,0.417839604
109-99-9,0.46,0.7628499,-0.302849927,-0.52832027,0.169818892
110-00-9,1.34,1.445346,-0.105345998,-0.183775596,0.199187763
110-01-0,1.8,0.70707333,1.092926669,1.906605421,0.237650958
110-02-1,1.81,2.4202487,-0.610248747,-1.064576062,0.055860164
110-03-2,0.21,1.3832128,-1.173212805,-2.046664206,0.226631422
110-12-3,1.827,2.1555,-0.328499935,-0.573066588,0.207981132
110-15-6,-0.59,-0.5123556,-0.077644374,-0.135450245,0.2845542
110-16-7,-0.485,0.30502653,-0.790026531,-1.378197559,0.230449289
110-17-8,0.46,0.30502653,0.154973469,0.270350486,0.230449289
110-19-0,1.72,1.3231444,0.396855564,0.69231266,0.106008741
110-27-0,7.71,7.2524977,0.457502327,0.798110652,0.131818598
110-42-9,4.41,4.4579296,-0.047929611,-0.083612981,0.048714301
110-43-0,1.98,2.1984954,-0.218495388,-0.381164174,0.141910658
110-49-6,0.121,-0.39265314,0.513653137,0.896065476,0.090243189
110-52-1,2.981,1.9200444,1.060955578,1.850832003,0.211980358
110-54-3,3.9,3.7267623,0.173237705,0.30221236,0.066761787
110-58-7,1.49,1.9440163,-0.454016337,-0.79202936,0.078114973
110-59-8,1.12,2.0634484,-0.943448429,-1.645841336,0.059150642
110-60-1,-1.607,-0.4669138,-1.14008621,-1.988875019,0.149547491
110-62-3,1.38,1.0558238,0.324176197,0.565523847,0.1349352
110-63-4,-0.83,-0.36962938,-0.460370617,-0.80311437,0.194782998
110-65-6,-0.73,-0.1354686,-0.594531398,-1.03715722,0.652251103
110-71-4,-0.21,-0.10940904,-0.100590958,-0.175480452,0.444249822
110-80-5,-0.375,-0.5587022,0.183702171,0.320467571,0.085548761
110-81-6,3,2.2437444,0.756255627,1.319284375,0.140113588
110-82-7,3.427,3.54789,-0.120889948,-0.210891944,0.176887989
110-83-8,2.86,2.7962215,0.063778505,0.111261302,0.278326734
110-86-1,0.65,1.0499027,-0.399902678,-0.697628335,0.235645811
110-89-4,0.84,0.7313493,0.108650711,0.189540652,0.259327378
110-91-8,-0.86,-0.32627735,-0.533722655,-0.931076654,0.27208361
110-93-0,2.07,2.196023,-0.126022987,-0.219846507,0.203816012
110-96-3,2.63,2.6015778,0.028422241,0.049582466,0.298685115
111-01-3,5.49,5.644992,-0.154991875,-0.270382595,0.737971747
111-11-5,3.32,3.9328935,-0.612893515,-1.069189846,0.049374106
111-13-7,2.37,2.781549,-0.411548977,-0.71794525,0.136639944
111-14-8,2.42,2.7560163,-0.336016254,-0.586178771,0.069752585
111-15-9,0.24,-0.06449439,0.304494386,0.531189021,0.116059017
111-26-2,1.88,2.6826782,-0.802678223,-1.400268375,0.088792728
111-27-3,2.03,2.4780416,-0.448041649,-0.781606544,0.043741577
111-29-5,-0.49,0.35995325,-0.849953254,-1.482739445,0.182716262
111-30-8,-0.36,0.3466366,-0.706636593,-1.232724205,0.481650487
111-31-9,5.35,4.0612893,1.28871069,2.248149721,0.035895541
111-34-2,3.025,2.353732,0.671267891,1.171023671,0.334368127
111-42-2,0,-0.8879006,0.887900591,1.548938394,0.246514253
111-43-3,2.03,2.2135694,-0.183569403,-0.320235957,0.260148762
111-44-4,1.29,0.19434755,1.095652454,1.911360541,0.157469762
111-47-7,2.84,2.8558102,-0.015810165,-0.027580759,0.158705047
111-55-7,0.24,0.041816656,0.198183344,0.34572991,0.251323037
111-65-9,4.787,4.4477997,0.339200317,0.591733354,0.059443163
111-66-0,4.213,4.3673325,-0.154332458,-0.269232246,0.061594093
111-70-6,2.62,2.7658598,-0.145859842,-0.254451807,0.041435461
111-71-7,2.8,2.5377781,0.262221861,0.4574448,0.207837269
111-76-2,0.83,0.3981527,0.431847291,0.753355563,0.099090364
111-82-0,5.41,5.713593,-0.303593006,-0.529616568,0.045170314
111-84-2,5.65,4.9195065,0.73049345,1.274342379,0.053586833
111-85-3,4.73,4.431506,0.298493843,0.520721102,0.04706778
111-87-5,3,3.4872549,-0.487254858,-0.850013802,0.046080363
111-88-6,4.21,5.0045524,-0.794552364,-1.386092853,0.033352918
111-90-0,-0.345,-0.7678194,0.422819405,0.737606458,0.137026762
111-92-2,2.83,2.8806322,-0.050632162,-0.088327568,0.270751341
1117-86-8,2.1,1.8837372,0.216262794,0.377269424,0.076616826
1118-84-9,1.4,0.66506803,0.73493197,1.282085356,0.280585533
1119-86-4,1.99,2.2412941,-0.251294146,-0.438381452,0.089552602
112-05-0,3.42,3.57318,-0.15317996,-0.267221718,0.077290435
112-07-2,1.51,1.6411982,-0.131198158,-0.228874568,0.120684985
112-12-9,4.09,4.347626,-0.257626209,-0.449427707,0.132005615
112-27-6,-1.61,-1.0485111,-0.561488853,-0.979514656,0.303665272
112-30-1,4.457,4.8069015,-0.349901455,-0.610401438,0.033544103
112-36-7,0.39,0.51761174,-0.127611742,-0.222618082,0.289516883
112-39-0,7.38,7.486672,-0.106671925,-0.186088669,0.055665038
112-40-3,6.1,6.162646,-0.062645817,-0.109285332,0.044809191
112-41-4,6.1,6.5845923,-0.484592342,-0.845369056,0.054679889
112-42-5,4.76,4.951299,-0.191299191,-0.333720536,0.031778192
112-44-7,3.84,4.24738,-0.40737978,-0.710672105,0.212920082
112-49-2,-0.48,-0.9397794,0.459779401,0.802082997,0.250032423
112-55-0,6.35,6.3160243,0.033975697,0.059270442,0.042242007
112-57-2,-0.829,-0.54760665,-0.281393353,-0.490889377,0.602953188
112-61-8,8.35,8.084012,0.265987968,0.464014757,0.069703748
112-70-9,5.665,6.0603566,-0.395356617,-0.689697754,0.032642044
112-72-1,6.03,6.2274666,-0.197466583,-0.344479523,0.035271807
112-88-9,8,7.871255,0.128745079,0.224595183,0.083890584
112-92-5,7.295,7.311942,-0.016942101,-0.029555414,0.060443108
1120-36-1,7.08,7.0149636,0.065036373,0.113455646,0.058555888
1120-71-4,-0.28,0.7416656,-1.021665602,-1.782290825,0.164737275
1122-91-4,2.75,3.3115952,-0.561595201,-0.979700181,0.231249142
1125-21-9,1.12,1.1989269,-0.078926926,-0.13768765,0.411069806
1126-79-0,4.26,3.8274086,0.432591448,0.754653741,0.145788639
113-18-8,1.8,1.5633191,0.236680913,0.412888737,0.999217527
1132-61-2,-2.94,-2.6394677,-0.300532284,-0.524277152,0.718949404
1135-40-6,0.3,-0.09041208,0.39041208,0.681072033,0.201427807
114-86-3,-0.52,0.11424292,-0.634242919,-1.106433781,0.280774515
115-18-4,0.66,1.5691242,-0.909124222,-1.585962918,0.144647111
115-19-5,0.318,1.1615487,-0.843548734,-1.471566789,0.345537841
115-20-8,1.42,0.4812899,0.938710107,1.637575355,0.175350898
115-70-8,-0.123,-0.16477217,0.041772168,0.07287135,0.385723751
115-77-5,-1.69,-1.3064741,-0.38352591,-0.669059142,0.62951929
115-84-4,2.105,1.7336698,0.371330242,0.647783857,0.420109863
115-86-6,4.59,4.0020914,0.587908592,1.025603767,0.542814778
115-95-7,3.92,3.9286704,-0.008670406,-0.015125483,0.339387258
116-09-6,0.3,0.38011378,-0.08011378,-0.139758112,0.180100693
116-16-5,2.59,1.134042,1.455957975,2.539911823,0.796248056
117-08-8,3.145,2.7742405,0.370759506,0.64678821,0.256118206
117-18-0,4.38,3.3785665,1.001433496,1.746996013,0.074411053
117-79-3,3.305,2.9672084,0.337791615,0.589275879,0.35413854
117-80-6,2.865,2.6748333,0.190166702,0.331744915,0.3575097
117-81-7,6.315,6.5052686,-0.190268574,-0.33192263,0.374987843
118-61-6,2.95,3.151349,-0.201349068,-0.351252499,0.150898621
118-69-4,4.29,3.5965338,0.693466225,1.209748559,0.093880786
118-71-8,0.09,0.28989884,-0.199898843,-0.348722588,0.297186691
118-74-1,5.653,3.7133236,1.939676407,3.383756346,0.140303007
118-75-2,2.3,1.2526922,1.047307777,1.827023479,0.287337204
118-79-6,4.13,3.457651,0.6723491,1.172909835,0.164857126
118-90-1,2.46,2.237598,0.222402058,0.387979341,0.144408578
118-91-2,2.05,2.5913765,-0.541376543,-0.944428827,0.088575949
118-93-4,1.92,1.8302119,0.089788122,0.156634956,0.423866696
119-34-6,0.96,0.9601679,-0.000167885,-0.000292874,0.290638445
119-36-8,2.533,2.5221872,0.010812767,0.018862821,0.142871413
119-53-9,2.13,2.5783074,-0.44830739,-0.782070128,0.353179825
119-61-9,3.23,3.5068512,-0.276851196,-0.482965607,0.206253087
119-64-2,3.78,3.6619782,0.118021755,0.205888395,0.206699682
119-84-6,1.82,1.78473,0.035270042,0.061528423,0.132214193
1191-16-8,2,1.7684848,0.231515169,0.403877121,0.24938325
1193-81-3,1.6,2.0121338,-0.412133837,-0.718965535,0.14307421
1194-98-5,0.54,1.0394176,-0.499417624,-0.871231691,0.325765399
120-00-3,3.232,3.3786561,-0.146656149,-0.25584096,0.461596854
120-14-9,1.22,1.3343542,-0.114354162,-0.199490297,0.315148745
120-21-8,2.72,2.3546357,0.365364285,0.637376272,0.504743609
120-25-2,1.63,1.5607778,0.069222217,0.12075783,0.241212561
120-32-1,3.6,3.814191,-0.214191103,-0.373655369,0.177058105
120-47-8,2.47,2.0810418,0.388958187,0.678535723,0.131190194
120-51-4,3.903,3.9793346,-0.076334593,-0.133165337,0.219669773
120-57-0,1.05,1.5839123,-0.533912253,-0.931407409,0.381597451
120-61-6,2.3,2.1109416,0.189058352,0.329811403,0.25915066
120-72-9,2.14,2.4918272,-0.35182725,-0.613760978,0.999217527
120-73-0,-0.37,-0.13684323,-0.233156766,-0.406740878,0.59982058
120-80-9,0.88,2.0238364,-1.143836374,-1.995417162,0.25325315
120-82-1,4,3.5350845,0.464915514,0.811042922,0.030549834
120-83-2,3.097,2.7395513,0.357448694,0.623567562,0.153340501
120-92-3,0.38,0.82488906,-0.444889064,-0.776106874,0.617421317
1205-30-7,0.881,1.686688,-0.805687946,-1.405518823,0.158777842
121-03-9,-1.1,0.18199271,-1.28199271,-2.236430237,0.183501271
121-14-2,1.98,1.7520477,0.227952342,0.397661786,0.159255563
121-32-4,1.58,1.8767848,-0.296784801,-0.517739687,0.237313653
121-33-5,1.29,1.4274707,-0.137470684,-0.23981696,0.258723984
121-39-1,2.4,2.2007947,0.199205303,0.347512712,0.213278585
121-43-7,-0.77,0.11384485,-0.883844849,-1.541863172,0.294221851
121-44-8,1.45,1.4237542,0.026245785,0.045785648,0.361162941
121-57-3,-1.53,0.5274362,-2.057436197,-3.589187744,0.153938877
121-69-7,2.307,2.3463166,-0.039316576,-0.068587581,0.20094363
121-73-3,2.41,1.6823249,0.727675114,1.269425805,0.083081392
121-79-9,1.8,2.0767493,-0.276749325,-0.482787892,0.252724156
121-86-8,3,2.538785,0.461215019,0.804587426,0.135516473
121-87-9,2.14,1.5176656,0.622334375,1.085659383,0.13001721
121-92-6,1.83,1.6163169,0.213683085,0.372769135,0.190470945
121-98-2,2.27,2.3606026,-0.090602617,-0.158055839,0.145987213
122-03-2,3.17,3.1239824,0.04601757,0.080277435,0.302624013
122-39-4,3.5,3.380148,0.119852066,0.209081364,0.292991596
122-48-5,0.4,0.7400989,-0.340098894,-0.593300916,0.245715722
122-63-4,2.803,2.3765697,0.426430252,0.743905564,0.212396161
122-78-1,1.78,1.6335621,0.146437912,0.255460247,0.308429494
122-79-2,1.49,2.5464838,-1.056483755,-1.843030929,0.08832244
122-84-9,1.9,1.9154611,-0.015461063,-0.026971752,0.313403433
122-97-4,1.88,2.344355,-0.464355106,-0.810065294,0.11821925
122-99-6,1.16,1.6180007,-0.458000746,-0.798980141,0.156295711
12270-13-2,-1.6,-1.1144569,-0.485543108,-0.847027662,0.482670421
123-01-3,8.26,8.351924,-0.091923943,-0.160360884,0.069252195
123-02-4,9.36,8.532241,0.827759132,1.444021903,0.071676296
123-05-7,3.335,3.522565,-0.187564888,-0.327206063,0.387636201
123-07-9,2.58,2.5653102,0.01468976,0.025626217,0.134739343
123-08-0,1.35,2.1222744,-0.772274399,-1.347229047,0.290606832
123-11-5,1.76,1.6264949,0.133505116,0.232899045,0.20750682
123-15-9,1.8,1.9606631,-0.16066308,-0.280275986,0.413612945
123-19-3,2.04,1.9250122,0.114987769,0.200595621,0.390741453
123-25-1,1.2,1.8636963,-0.663696337,-1.15781513,0.219357059
123-30-8,0.04,-0.029895317,0.069895317,0.121932051,0.305879238
123-31-9,0.59,0.8865949,-0.296594892,-0.51740839,0.23343981
123-35-3,4.25,4.5256653,-0.275665283,-0.480896787,0.205487309
123-38-6,0.59,0.7601808,-0.170180771,-0.296879553,0.999217527
123-39-7,-0.97,-0.2978682,-0.672131808,-1.17253077,0.112784335
123-42-2,-0.14,-0.11056923,-0.029430769,-0.051341837,0.406008063
123-51-3,1.2,1.7202688,-0.520268846,-0.907606548,0.098199774
123-54-6,0.4,0.74220365,-0.342203653,-0.596972659,0.515016947
123-66-0,2.96,3.3326817,-0.372681656,-0.650141391,0.066410757
123-72-8,0.88,1.2516088,-0.371608849,-0.648269884,0.197139659
123-76-2,-0.49,-0.97476685,0.48476685,0.845673485,0.210726163
123-86-4,1.793,1.7448417,0.048158305,0.084011936,0.078244098
123-91-1,-0.27,0.41905788,-0.689057876,-1.202058215,0.462893679
123-92-2,2.21,1.8192786,0.390721402,0.681611644,0.122333807
123-96-6,2.84,3.1986585,-0.358658466,-0.625678003,0.081138706
124-02-7,1.11,0.8056779,0.304322109,0.530888485,0.489309716
124-04-9,0.08,0.5721452,-0.492145224,-0.858545022,0.290163831
124-07-2,3.05,3.3517735,-0.3017735,-0.526442449,0.067597965
124-10-7,6.41,6.5287604,-0.118760433,-0.207177016,0.047487226
124-11-8,5.15,5.427605,-0.277605152,-0.484280879,0.05502813
124-17-4,2.9,1.8508942,1.049105787,1.830160099,0.17471717
124-18-5,5.333,5.6848936,-0.351893608,-0.61387674,0.049195727
124-48-1,2.16,1.2414418,0.918558154,1.602420369,0.028224199
124-68-5,-0.63,0.06448596,-0.69448596,-1.211527482,0.209749104
124-76-5,3.24,3.024133,0.215867033,0.376579021,0.204459835
125-20-2,3.682,3.6774614,0.004538614,0.007917591,0.528024982
125-29-1,1.2,0.8989912,0.301008773,0.525108385,0.32985962
126-11-4,1.06,0.6651932,0.3948068,0.688738601,0.416192712
126-30-7,0.12,0.56265086,-0.442650859,-0.772202337,0.249237965
126-33-0,-0.77,0.15628366,-0.926283662,-1.61589748,0.352594406
126-52-3,1.2,1.4017407,-0.20174067,-0.351935648,0.306116016
127-06-0,0.12,0.36511618,-0.245116179,-0.427604018,0.220227783
127-07-1,-1.733,-0.6746829,-1.058317085,-1.846229164,0.123205333
127-17-3,-0.5,-0.02354656,-0.47645344,-0.83117078,0.258700195
127-18-4,3.4,1.3771839,2.022816086,3.528793124,0.046084041
127-19-5,-0.77,-0.0509078,-0.719092198,-1.254452949,0.320404313
128-37-0,5.1,5.1239686,-0.023968601,-0.041813112,0.125032188
128-39-2,4.71,4.873228,-0.163228073,-0.284750604,0.205454389
129-00-0,4.88,5.08833,-0.208329792,-0.36343034,0.280710942
129-17-9,-2.783,-1.71726,-1.065739997,-1.8591784,0.406949247
129-43-1,3.52,3.6166131,-0.09661315,-0.168541184,0.298794407
130-15-4,1.755,2.1820512,-0.427051182,-0.744988773,0.442603048
130-95-0,3.16,3.0732896,0.086710367,0.151265827,0.514876659
131-09-9,4.46,4.0689144,0.391085587,0.682246962,0.528559547
131-11-3,1.535,1.7961832,-0.261183228,-0.455632911,0.18592747
131-57-7,3.79,3.0110667,0.778933325,1.358845512,0.49241386
132-22-9,3.38,3.2733746,0.106625443,0.186007582,0.337854231
1321-74-0,3.695,3.622599,0.072401114,0.126303401,0.299765083
133-08-4,3.4,3.2716088,0.128391171,0.223977792,0.193742119
133-13-1,2.4,2.4989102,-0.098910189,-0.172548358,0.225268373
133-53-9,2.8,2.8144426,-0.014442635,-0.025195108,0.140359301
1330-61-6,5.07,4.7727046,0.297295399,0.518630421,0.15146623
134-20-3,1.88,1.8962959,-0.016295905,-0.02842813,0.224933126
134-49-6,1.7,1.4792727,0.220727277,0.385057694,0.207524677
134-85-0,3.748,3.5177689,0.23023114,0.401637138,0.338353224
13463-40-6,3,2.0640543,0.935945749,1.632752947,0.683358061
13466-78-9,4.38,3.93219,0.447810059,0.781202536,0.221710423
135-01-3,3.72,3.1917915,0.528208466,0.921457178,0.260192784
135-02-4,1.72,2.023883,-0.303883104,-0.530122643,0.344857853
135-09-1,0.173,1.0502448,-0.877244808,-1.530349432,0.183182077
135-19-3,2.7,2.825633,-0.125633049,-0.219166262,0.159637617
135-98-8,4.57,4.3920546,0.177945442,0.310424985,0.109150091
13537-82-1,4.36,3.45128,0.908719883,1.585257551,0.34005374
136-77-6,3.45,3.300124,0.14987607,0.261458097,0.341798814
137-19-9,2.32,2.1287167,0.191283293,0.333692802,0.254629832
137-32-6,1.293,1.7713376,-0.478337628,-0.834457737,0.139645903
138-52-3,-1.22,-1.0067444,-0.213255615,-0.372023415,0.477377472
138-86-3,4.57,4.554833,0.015167065,0.026458873,0.163584417
13826-35-2,2.797,2.5773892,0.21961076,0.383109935,0.226579186
138526-69-9,3.2,2.1629667,1.037033272,1.809099653,0.140788073
140-10-3,2.13,1.7558968,0.374103193,0.652621257,0.260103201
140-11-4,1.96,2.3099527,-0.349952736,-0.610490898,0.181175843
140-39-6,2.11,2.228034,-0.118034019,-0.20590979,0.129400595
140-66-9,4.46,3.9949167,0.465083323,0.811335663,0.755203077
140-88-5,1.32,1.3328829,-0.012882881,-0.022474125,0.078935573
14073-97-3,3.05,3.399999,-0.349998903,-0.610571436,0.464631685
141-04-8,4.3,3.9845176,0.315482426,0.550357604,0.362323182
141-16-2,6.2,5.6922274,0.507772636,0.88580697,0.229472398
141-32-2,2.37,2.3537822,0.016217823,0.028291916,0.096388562
141-43-5,-1.31,0.08224425,-1.392244247,-2.428763525,0.063468999
141-78-6,0.73,0.95961094,-0.229610939,-0.4005552,0.097557645
141-79-7,1.7,1.8066436,-0.106643605,-0.186039266,0.245908362
141-82-2,-0.835,-0.9220081,0.087008097,0.151785215,0.252552173
141-93-5,4.44,4.4930897,-0.053089676,-0.092614689,0.227841844
141-97-9,0.257,0.56134707,-0.304347067,-0.530932024,0.223160626
142-19-8,3.97,3.8677602,0.102239819,0.178356881,0.137011937
142-28-9,2,0.7588028,1.241197228,2.165262713,0.163677882
142-29-0,2.47,2.5375628,-0.067562847,-0.117863068,0.232740468
142-62-1,1.907,2.1834133,-0.276413267,-0.482201641,0.081632849
142-68-7,0.95,1.3516951,-0.401695061,-0.700755139,0.213821082
142-82-5,4.66,3.8613327,0.798667345,1.393271418,0.06500883
142-84-7,1.67,1.8954369,-0.225436883,-0.393273579,0.249634209
142-90-5,6.45,6.543531,-0.093530941,-0.163164286,0.116608636
142-92-7,2.87,2.933236,-0.063235884,-0.110314701,0.078613384
142-96-1,3.21,3.1478717,0.062128267,0.108382469,0.201161345
143-08-8,3.77,3.8747368,-0.104736786,-0.182712829,0.036775239
143-24-8,-0.84,-0.9397794,0.099779401,0.174064694,0.429823178
14371-10-9,1.9,1.9477477,-0.047747707,-0.08329565,0.235847812
144-11-6,4.493,4.434066,0.058934181,0.102810401,0.443649453
144-14-9,3.7,3.6536536,0.046346378,0.080851038,0.37341008
144-62-7,-1.255,-0.6193753,-0.635624712,-1.108844312,0.416515149
144-80-9,-0.78,-0.026442267,-0.753557733,-1.314577912,0.172819838
1459-93-4,2.1,1.6248478,0.47515223,0.828900825,0.494758179
146-22-5,2.25,2.0548093,0.195190668,0.3405092,0.3720817
1466-76-8,0.66,0.7030012,-0.043001201,-0.075015393,0.452154496
147-71-7,-0.76,-1.6100712,0.850071182,1.482945169,0.359987739
148-24-3,2.02,1.9978703,0.022129674,0.038605112,0.338413436
14898-79-4,0.61,1.1183499,-0.50834991,-0.886814021,0.134774217
149-30-4,2.41,2.4696255,-0.059625473,-0.104016357,0.999217527
149-32-6,-2.29,-1.6751858,-0.6148142,-1.072540474,0.427306671
150-13-0,0.83,1.2001466,-0.370146556,-0.645718921,0.238993361
150-76-5,1.495,1.6246736,-0.129673605,-0.226214992,0.200312844
151-67-7,2.4,0.9627587,1.43724128,2.507260636,0.092134788
15206-55-0,1.9,1.7979472,0.102052832,0.178030684,0.238031726
1552-42-7,5.27,4.6923223,0.577677746,1.007756104,0.713239178
15588-95-1,2.24,2.1738367,0.066163292,0.115421551,0.312858796
156-08-1,4.1,4.3549843,-0.254984283,-0.44481888,0.209710607
156-43-4,1.24,1.0897298,0.150270214,0.26214568,0.186333305
156-59-2,1.93,1.2476023,0.682397656,1.190439494,0.08154221
156-60-5,2.045,1.2476023,0.797397656,1.391056452,0.08154221
15625-89-5,2.75,2.6193733,0.130626678,0.227877625,0.575445318
1570-64-5,2.935,2.8220136,0.112986383,0.197104213,0.108368538
15950-66-0,3.6,2.9130018,0.686998224,1.198465163,0.065804258
1618-26-4,2.31,1.4646397,0.845360336,1.474727121,0.172417036
1622-61-3,2.507,2.3017821,0.205217869,0.358001605,0.315935562
16251-77-7,1.9,2.344269,-0.444269037,-0.775025241,0.192986309
1634-04-4,1,1.0266566,-0.026656628,-0.046502361,0.191268122
1639-09-4,3.7,4.1997867,-0.499786663,-0.871875477,0.036139954
1643-19-2,0.839,1.611427,-0.77242695,-1.347495171,0.612740025
1658-56-6,-0.546,-1.0635413,0.517541293,0.902848346,0.381899981
16587-71-6,3.9,4.185491,-0.285491085,-0.498037852,0.458363914
1663-39-4,2.31,2.3387685,-0.028768482,-0.050186482,0.259052899
1668-19-5,2.335,2.4464064,-0.111406364,-0.194347877,0.328486614
16969-10-1,2.03,2.1039658,-0.073965759,-0.129032918,0.402485599
17095-24-8,-4.34,-3.9503677,-0.389632311,-0.679711729,0.565925904
1724-39-6,4.18,3.9295728,0.250427179,0.436869034,0.291720658
1731-84-6,4.32,4.1455107,0.174489326,0.304395807,0.052684132
1745-81-9,2.55,2.6317692,-0.08176918,-0.142645949,0.191076333
1746-23-2,4.73,4.6102366,0.119763355,0.208926609,0.214396229
1761-61-1,2.5,1.9370716,0.562928438,0.982026006,0.677579978
17617-23-1,3.8,3.7749262,0.025073814,0.043741151,0.641399282
1777-82-8,2.8,1.9344012,0.865598845,1.510033105,0.128343851
18282-59-2,4.3,3.888331,0.411669064,0.71815474,0.053542054
18479-58-8,3.47,3.4069803,0.063019724,0.109937611,0.22133566
1861-32-1,4.4,3.646207,0.753792906,1.31498817,0.320665357
1867-66-9,2.18,1.945589,0.234411054,0.408928978,0.307928479
1879-09-0,4.08,4.016621,0.063378887,0.11056417,0.13642486
1892-29-1,-0.3,-0.99567986,0.695679855,1.213610227,0.275373918
1896-62-4,2.07,2.2896466,-0.219646626,-0.383172503,0.169888791
1934-21-0,-1.572,-1.1520194,-0.419980618,-0.732654209,0.311524675
1948-33-0,1.725,2.2574565,-0.532456541,-0.928867925,0.151586346
198-55-0,6.3,5.752296,0.547704029,0.955467096,0.405302586
19819-98-8,2.1,1.897363,0.202637053,0.353499383,0.158428988
2004-70-8,1.97,2.3993955,-0.429395466,-0.749078366,0.164091397
2021-28-5,2.73,2.9373026,-0.207302589,-0.36163839,0.118069524
20262-58-2,0.002,-0.24692519,0.24892519,0.43424882,0.999217527
2039-87-4,3.58,3.4208279,0.159172134,0.277675038,0.14988992
2051-49-2,4.45,4.647132,-0.19713192,-0.343895705,0.189123487
2052-15-5,1.435,1.454542,-0.019542041,-0.034090998,0.197659826
206-44-0,5.16,4.8172855,0.342714462,0.597863764,0.257847917
2078-54-8,3.86,3.6507862,0.209213839,0.364972555,0.23750471
208-96-8,3.93,4.020036,-0.090036221,-0.157067762,0.162176491
2082-59-9,3.33,3.2653012,0.064698772,0.112866703,0.20977871
2110-78-3,0.953,0.75862306,0.194376936,0.339089649,0.223595334
21282-97-3,0.9,0.9582784,-0.058278418,-0.101666425,0.278599536
2162-98-3,4.51,4.680433,-0.170432796,-0.29731921,0.126744233
2162-99-4,4.56,4.391256,0.168744144,0.294373364,0.124140562
2163-00-0,3.5,2.9389734,0.561026573,0.978708212,0.12739779
21722-83-8,4.3,3.7362728,0.563727188,0.983419422,0.18061824
2175-90-8,3.43,4.168734,-0.738734074,-1.288718108,0.386347305
218-01-9,5.815,6.118344,-0.30334383,-0.529181881,0.224021937
22004-32-6,2.81,2.7976296,0.012370405,0.021580114,0.289703623
2216-51-5,3.367,3.5204508,-0.15345083,-0.26769425,0.252310675
2222-33-5,3.508,3.5345907,-0.026590721,-0.046387388,0.363138048
22232-71-9,3.7,3.3472977,0.352702332,0.615287554,0.747169264
2315-68-6,3.01,3.3320782,-0.322078218,-0.561863933,0.128158366
5.07.2321,3.4,2.9516397,0.448360348,0.782162513,0.752116768
7.07.2349,4.7,4.118089,0.581910801,1.015140648,0.140173579
2372-21-6,2.5,2.191512,0.308487892,0.538155673,0.154261777
2380-78-1,0.47,0.44371992,0.026280077,0.04584547,0.16471627
2385-85-5,6.89,5.281336,1.608664169,2.806307058,0.719921225
2390-54-7,3.02,3.3655665,-0.345566492,-0.602839116,0.373098268
2399-48-6,0.81,0.96743417,-0.157434168,-0.274643164,0.19629053
2409-55-4,3.8,3.9051614,-0.105161381,-0.183453533,0.134557176
2416-94-6,2.67,2.4449687,0.2250313,0.392566041,0.172342995
2425-85-6,3.7,3.5844324,0.115567636,0.201607197,0.344793171
3.11.2432,3.9,4.4132824,-0.513282394,-0.895418717,0.320338331
24347-58-8,0.88,0.43361673,0.446383272,0.778713514,0.167967523
2437-56-1,6.59,6.832001,-0.242001209,-0.422169968,0.055885276
2439-35-2,0.68,0.66932595,0.010674052,0.018620834,0.211589301
2450-71-7,-0.43,-0.1559041,-0.274095901,-0.478159006,0.323704628
2454-35-5,1.4,2.1347413,-0.734741306,-1.281752744,0.189270863
2455-24-5,1.76,1.5470992,0.212900767,0.371404385,0.213127735
1.10.2459,1.96,2.0525744,-0.092574396,-0.161495598,0.189508835
2460-77-7,4.81,4.2958574,0.51414257,0.89691929,0.780735197
24717-85-9,5.99,5.92191,0.068090191,0.118783017,0.223856562
2499-95-8,3.3,3.3130128,-0.013012838,-0.022700835,0.098016312
25103-58-6,6.2,4.981688,1.218311977,2.1253395,0.255870417
25154-52-3,5.71,5.5170326,0.192967377,0.336630679,0.10495622
2550-26-7,2,2.1142025,-0.114202499,-0.199225722,0.191819309
260-94-6,3.4,3.6127362,-0.212736225,-0.371117342,0.229572826
9.11.2610,-2.05,-2.0216808,-0.028319168,-0.049402655,0.592916464
2611-82-7,-2.267,-1.9975934,-0.269406597,-0.469978538,0.445664658
2650-18-2,-3,-2.721008,-0.278991938,-0.48670012,0.835353918
26537-19-9,4.3,3.6958058,0.604194212,1.054013954,0.157092807
9.12.2687,2.75,2.7530751,-0.003075123,-0.005364537,0.123705897
2702-58-1,1.84,2.0681307,-0.228130732,-0.397972986,0.999217527
2705-87-5,4.28,4.252397,0.02760294,0.048153198,0.252409617
27247-96-7,5.24,4.1024566,1.13754343,1.984439151,0.102823145
2743-38-6,1.01,1.2355424,-0.225542417,-0.393457682,0.816558379
2756-56-1,5,4.6588464,0.341153622,0.595140884,0.247736868
2785-87-7,2.8,2.4512498,0.348750162,0.608393013,0.156862636
27955-94-8,3.88,3.9188106,-0.038810606,-0.067704919,0.611478104
2801-68-5,1.72,1.635618,0.084382029,0.147204051,0.299175122
2855-27-8,6,5.559161,0.440838814,0.769041232,0.465295089
1.02.2861,-3.05,-2.0391002,-1.01089983,-1.763509987,0.657660067
2867-47-2,1.13,1.0773287,0.052671318,0.091884866,0.234722519
287-92-3,3,2.4389734,0.561026573,0.978708212,0.194006189
288-32-4,-0.065,0.2556065,-0.320606502,-0.559296532,0.269447467
288-47-1,0.44,0.96480256,-0.524802563,-0.915515597,0.218763917
2885-00-9,9.12,8.6982565,0.421743507,0.73572956,0.099532384
289-95-2,-0.4,0.17597744,-0.575977439,-1.004789926,0.458275044
291-64-5,4,3.8344343,0.165565729,0.288828634,0.039866501
2935-44-6,0.62,1.3097925,-0.689792519,-1.203339796,0.221151233
2935-90-2,0.9,0.24965395,0.65034605,1.134525617,0.107260852
29590-42-9,3.93,3.9102178,0.019782238,0.034510021,0.127760536
29964-84-9,5.62,5.393689,0.226310844,0.394798201,0.176659909
302-17-0,0.99,1.2925774,-0.302577386,-0.527844823,0.434374896
3048-64-4,3.39,2.9798946,0.410105362,0.71542687,0.273789438
306-08-1,0.33,0.4549044,-0.124904407,-0.21789515,0.314918943
3071-73-6,-0.211,-0.3723119,0.16131189,0.281407832,0.481216603
3087-16-9,0.595,0.5207095,0.074290485,0.129599401,0.631657037
3118-97-6,6.6,5.3669477,1.233052349,2.151054009,0.21570482
31482-56-1,4.38,3.873203,0.506796961,0.884104909,0.476259557
315-22-0,-1.18,-1.2532587,0.073258705,0.127799466,0.485097303
3208-16-0,2.4,1.946191,0.453809047,0.791667742,0.208160849
3209-13-0,0.9,0.6477674,0.252232575,0.440018539,0.35460263
3209-22-1,3.05,2.8786578,0.171342182,0.298905629,0.071938933
328-84-7,4.24,3.332506,0.907494059,1.583119106,0.053067398
329-71-5,1.75,0.85486394,0.895136058,1.561560633,0.999217527
4.09.3316,1.66,1.4886913,0.17130867,0.298847167,0.185469374
334-48-5,4.09,3.9761436,0.113856401,0.198621955,0.073548796
1.05.3351,-1.16,-1.1731153,0.013115253,0.022879498,0.349533928
3386-33-2,9.43,8.649043,0.780956917,1.362375659,0.086567362
339-43-5,1.01,0.7848543,0.225145707,0.392765624,0.214620803
3452-97-9,3.56,3.2099502,0.350049791,0.61066021,0.223258424
352-93-2,1.95,2.141331,-0.191330957,-0.333775953,0.147084299
3570-55-6,2.52,0.96902144,1.55097856,2.705674786,0.168927311
35836-73-8,3.09,3.1057305,-0.015730534,-0.027441842,0.244515364
3597-91-9,3.2,2.9322639,0.267736149,0.467064449,0.18649251
3612-20-2,2.1,1.8562672,0.243732786,0.425190696,0.385563583
3618-62-0,0.3,0.3657517,-0.065751714,-0.114703554,0.531993178
3648-21-3,7.6,7.282594,0.317405796,0.553712915,0.411411534
3658-77-3,0.95,0.310468,0.639532012,1.115660579,0.440273692
3658-80-8,1.94,1.0382015,0.901798549,1.573183316,0.083302875
36653-82-4,6.675,6.9640207,-0.289020729,-0.504195299,0.044927008
367-27-1,1.46,2.0936542,-0.633654156,-1.105406687,0.2442309
3681-71-8,2.7,2.4105265,0.289473486,0.504985131,0.190875282
371-62-0,-0.67,-0.32258022,-0.347419782,-0.606072171,0.2429325
3724-65-0,0.72,1.0970417,-0.377041726,-0.657747513,0.26618855
39255-32-8,2.09,1.8971596,0.192840424,0.33640921,0.167642162
3937-56-2,1.69,1.5753713,0.114628735,0.199969287,0.130439961
40018-26-6,0.127,0.72692055,-0.599920545,-1.046558562,0.692293458
4098-71-9,4.75,4.297875,0.452125072,0.788730057,0.385223605
4101-68-2,6.12,5.209138,0.910862083,1.58899461,0.175422543
41492-05-1,5.4,4.9531727,0.446827316,0.779488146,0.107533255
423-55-2,6.1,4.5995903,1.500409698,2.617457644,0.304556361
431-03-8,-1.34,0.22387658,-1.563876581,-2.728175321,0.343746539
439-14-5,2.847,2.7909675,0.056032536,0.097748494,0.189905642
452-86-8,1.37,1.5591418,-0.189141755,-0.3299569,0.183093782
464-07-3,1.48,2.397706,-0.917706032,-1.600933845,0.208959514
466-97-7,-0.17,-0.076887034,-0.093112966,-0.16243513,0.493324745
466-99-9,0.505,0.8296834,-0.324683423,-0.566408701,0.300818729
4764-17-4,1.64,1.542137,0.097862973,0.170721495,0.357369798
480-40-0,3.52,3.4876099,0.032390137,0.056504441,0.481902834
480-54-6,-1.88,-1.733379,-0.146620994,-0.255779632,0.345318632
481-39-0,1.92,1.8882368,0.031763239,0.055410821,0.448573395
4812-20-8,2.09,2.177075,-0.087074909,-0.151901769,0.162677612
4813-57-4,6.8,6.9459667,-0.145966721,-0.254638256,0.133232256
48145-04-6,2.58,2.051417,0.528582888,0.922110355,0.208640135
486-12-4,3.96,3.4523234,0.507676563,0.885639371,0.502286851
490-79-9,1.74,1.2645359,0.475464096,0.829444874,0.202022831
4901-51-3,4.21,3.6764598,0.533540211,0.930758382,0.083968496
8.11.4940,0.63,1.0831491,-0.453149076,-0.790516426,0.209876182
495-76-1,1.05,1.1978658,-0.147865844,-0.257951267,0.392831444
497-23-4,-0.6,-0.38016516,-0.21983484,-0.383500842,0.193353888
498-00-0,0.42,0.64577526,-0.225775259,-0.393863874,0.229899574
499-75-2,3.49,3.4140067,0.07599329,0.132569936,0.159789297
50-00-0,0.263,1.1923169,-0.92931689,-1.621188932,0.059709745
50-24-8,1.413,1.1667765,0.246223462,0.429535669,0.697604484
50-36-2,2.3,1.9399862,0.360013771,0.628042326,0.344912704
50-48-6,4.913,4.6331162,0.279883755,0.48825589,0.273229241
50-49-7,4.8,4.7843094,0.015690613,0.0273722,0.341592606
50-52-2,5.9,5.8104005,0.089599514,0.15630593,0.306606347
50-53-3,5.24,4.9751287,0.264871349,0.46206682,0.245341291
50-70-4,-2.2,-3.038762,0.838762093,1.463216516,0.217798824
50-78-2,1.187,1.2903215,-0.103321469,-0.180243816,0.170037698
50-81-7,-1.925,-2.085845,0.160844994,0.280593333,0.707583312
50-91-9,-1.24,-1.4552194,0.215219388,0.375449208,0.492972827
501-30-4,-0.64,-0.3377971,-0.302202895,-0.527191525,0.397261275
502-44-3,0.32,1.1196237,-0.799623661,-1.394939706,0.101884759
502-56-7,2.88,2.9452562,-0.065256233,-0.113839191,0.450720215
502-72-7,5.6,5.34757,0.252430058,0.440363045,0.397500398
503-74-2,1.16,1.4333979,-0.273397889,-0.476941328,0.224488052
504-02-9,0.461,0.89532155,-0.434321548,-0.757671893,0.520078437
504-63-2,-1.04,-0.34923324,-0.69076676,-1.205039356,0.176955262
505-29-3,0.77,1.0820949,-0.312094908,-0.544448095,0.347701882
507-20-0,2.38,1.7291137,0.650886302,1.135468085,0.277577259
509-34-2,3.649,3.6470659,0.001934122,0.003374067,0.739110413
51-28-5,1.67,1.691031,-0.021030979,-0.036688444,0.324816168
51-48-9,4,3.3348584,0.665141582,1.160336354,0.999217527
51-79-6,-0.15,0.2497992,-0.399799207,-0.697447831,0.150471039
513-85-9,-0.92,0.43361673,-1.353616728,-2.361377999,0.167967523
513-86-0,0.1,-0.14164345,0.24164345,0.421545859,0.354349646
517-28-2,0.3,0.37415555,-0.074155551,-0.129364009,0.521919288
518-28-5,1.67,1.8364359,-0.166435914,-0.290346667,0.646926478
52-39-1,1.08,1.0986087,-0.018608732,-0.032462846,0.611399567
52-51-7,0.21,0.60766196,-0.397661963,-0.693719419,0.405978162
52-86-8,4.2,3.9765022,0.22349782,0.389890893,0.397794083
520-26-3,0.3,0.21538396,0.084616038,0.14761228,0.856161777
520-36-5,3.02,2.751445,0.268554945,0.468492835,0.497818068
525-82-6,3.56,3.2305124,0.329487619,0.574789598,0.367864994
526-75-0,2.355,2.2235265,0.131473522,0.22935494,0.150847037
527-17-3,2.23,2.0549126,0.175087433,0.305439201,0.662078059
527-60-6,2.73,2.8311517,-0.101151724,-0.176458705,0.223838928
528-29-0,1.69,1.5498282,0.140171828,0.244529093,0.175900738
529-20-4,2.26,2.2181852,0.041814814,0.072945745,0.626706753
5292-45-5,1.78,2.2044964,-0.424496384,-0.74053194,0.318750505
53-03-2,1.173,1.2723638,-0.099363782,-0.173339649,0.697604484
53-19-0,6,5.4551525,0.544847488,0.950483874,0.185002014
53-41-8,3.69,3.6664357,0.023564281,0.041107778,0.617421317
53-70-3,6.5,6.4173436,0.082656384,0.144193671,0.306983262
5307-14-2,2.115,1.9511698,0.163830152,0.285800927,0.116393547
532-03-6,0.44,0.588519,-0.148518977,-0.259090655,0.260433486
532-27-4,1.84,1.4371477,0.402852263,0.702773874,0.254663415
5329-14-6,0.1,0.81562257,-0.715622568,-1.248400196,0.082367136
534-22-5,1.85,1.6352534,0.214746571,0.37462438,0.209686811
534-52-1,2.345,2.3090189,0.03598115,0.062768946,0.323642395
5343-92-0,0.06,0.60960746,-0.549607458,-0.958787619,0.102788678
535-80-8,2.68,2.9148114,-0.234811373,-0.409627333,0.115438878
536-60-7,2.49,2.9412212,-0.451221237,-0.787153321,0.141566084
536-78-7,1.66,1.4454618,0.21453825,0.374260965,0.167804499
536-90-3,0.93,0.41449666,0.51550334,0.899293146,0.430290926
538-93-2,4.68,3.9397707,0.740229301,1.291326526,0.136807782
539-88-8,0.324,0.2515213,0.072478711,0.126438769,0.176724466
5392-40-5,3.105,2.7383301,0.366669874,0.639653867,0.357779961
54-05-7,4.52,4.4018726,0.118127365,0.206072631,0.43694349
54-31-9,2.03,1.8039311,0.226068883,0.3943761,0.348796303
54-42-2,-0.82,-1.139232,0.319232039,0.556898788,0.444519635
540-54-5,2.04,1.7293726,0.310627379,0.541887999,0.082993806
540-59-0,1.93,1.2476023,0.682397656,1.190439494,0.08154221
540-88-5,1.76,1.7914392,-0.031439176,-0.054845494,0.226257462
541-31-1,2.67,2.6922264,-0.02222641,-0.038773867,0.094114484
541-35-5,-0.21,0.5458947,-0.755894682,-1.318654709,0.14079486
541-73-1,3.53,3.0345328,0.495467215,0.86434022,0.054102102
541-85-5,2.76,2.6884687,0.071531305,0.124786025,0.479646941
542-75-6,1.94,1.6283604,0.311639609,0.543653829,0.098320147
543-59-9,2.73,2.9689794,-0.238979359,-0.416898364,0.045618922
544-63-8,6.11,6.1299777,-0.019977703,-0.034851009,0.073234489
54423-67-5,4.6,4.1677237,0.432276344,0.754104044,0.377056463
547-25-1,-4.8,-4.5208483,-0.279151726,-0.486978869,0.539036229
5471-51-2,1.33,1.1576961,0.172303872,0.300583292,0.238992152
55-21-0,0.729,1.380426,-0.651426049,-1.136409671,0.093834929
552-30-7,0.54,0.8792513,-0.339251301,-0.591822295,0.267245825
552-45-4,3.34,2.9149976,0.425002422,0.741414722,0.124636065
5522-43-0,5.06,4.752566,0.307434139,0.536317406,0.205953181
553-86-6,1.347,1.4736316,-0.12663162,-0.220908265,0.142590202
554-12-1,0.827,0.50638145,0.320618548,0.559317545,0.102313733
554-84-7,2,1.9353426,0.06465745,0.112794616,0.181857547
556-08-1,1.31,1.6241919,-0.31419188,-0.548106254,0.322364547
556-24-1,1.82,1.6241668,0.195833154,0.341630013,0.112350698
556-50-3,-2.92,-2.482801,-0.437199039,-0.762691663,0.999217527
556-82-1,0.91,1.547547,-0.637546983,-1.112197705,0.173454536
557-40-4,0.7,0.5859614,0.114038599,0.198939797,0.333717625
557-98-2,2,1.3322607,0.667739272,1.164868012,0.097114714
558-13-4,3.42,2.0112426,1.408757372,2.457570593,0.029531729
558-37-2,3.04,2.4513004,0.588699617,1.026983707,0.269573303
56-23-5,2.767,2.0112426,0.755757372,1.318415172,0.029531729
56-38-2,3.82,3.0253952,0.794604845,1.386184406,0.252561844
56-40-6,-3.21,-1.4396889,-1.770311079,-3.08829933,0.143544397
56-45-1,-3.07,-3.47217,0.402170115,0.701583868,0.283206534
56-49-5,6.42,6.3321533,0.08784668,0.153248119,0.276932016
56-53-1,5.07,5.2505083,-0.180508308,-0.314895893,0.37803237
56-55-3,5.685,5.439982,0.245018063,0.427432855,0.392697856
56-81-5,-1.76,-1.8931835,0.13318347,0.232337935,0.199595032
56-84-8,-3.89,-3.8014998,-0.088500156,-0.154388106,0.390230117
56-85-9,-3.477,-3.1262462,-0.350753786,-0.611888326,0.194212248
56-86-0,-3.69,-3.2821639,-0.407836142,-0.711468226,0.409901631
56-87-1,-3.05,-2.233684,-0.816315937,-1.424059303,0.17650405
5625-37-6,-2.7,-2.8512363,0.151236343,0.263831088,0.402864521
563-12-2,5.073,4.94484,0.128160046,0.223574595,0.445077148
563-47-3,1.98,1.6969045,0.28309546,0.493858695,0.163373359
563-80-4,0.84,0.6383586,0.201641407,0.351762484,0.448423719
565-80-0,1.86,1.2585917,0.601408348,1.049154028,0.515671714
5655-61-8,4.3,4.230919,0.069081116,0.120511681,0.186128156
5675-51-4,3.1,2.9501746,0.14982543,0.261369756,0.128622135
569-65-3,5.8,5.545326,0.254673767,0.444277186,0.567581036
57-11-4,8.23,7.606822,0.623177986,1.087131058,0.096363778
57-13-6,-2.333,-0.50559103,-1.827408965,-3.187906323,0.238492183
57-14-7,-0.4,-0.20176616,-0.198233837,-0.345817994,0.270386997
57-41-0,2.38,3.1722007,-0.79220068,-1.381990351,0.626706753
57-50-1,-3.693,-3.448949,-0.244050901,-0.425745647,0.591467419
57-55-6,-0.92,-0.38589668,-0.534103317,-0.931740719,0.099515365
57-83-0,3.87,4.08838,-0.21837986,-0.380962636,0.344832255
575-43-9,4.44,4.1312385,0.308761539,0.53863305,0.134356011
576-26-1,2.36,2.3349462,0.025053844,0.043706314,0.247181486
579-74-8,1.82,1.983712,-0.163711958,-0.285594739,0.18819645
579-75-9,1.59,1.7351903,-0.145190272,-0.253283745,0.138690979
58-00-4,2.467,2.2631793,0.203820698,0.355564246,0.636497454
58-08-2,-0.07,-0.03867685,-0.03132315,-0.054643087,0.26918488
58-22-0,3.32,3.2791994,0.040800638,0.071176521,0.362191067
58-25-3,2.44,2.6024933,-0.162493286,-0.283468771,0.303099371
58-27-5,2.2,2.3794823,-0.179482269,-0.313105972,0.44800795
58-55-9,-0.01,0.42957732,-0.439577321,-0.766840563,0.999217527
58-73-1,3.27,3.803145,-0.533144932,-0.93006882,0.361971145
58-85-5,0.39,0.25976366,0.130236342,0.227196684,0.280138467
581-89-5,2.78,2.6395457,0.140454321,0.245021901,0.300782297
582-17-2,1.9,1.454015,0.445984983,0.778018701,0.418308195
583-59-5,1.84,1.8732631,-0.033263121,-0.058027357,0.098245827
583-78-8,3.087,2.6711206,0.415879356,0.725499576,0.184515029
584-02-1,1.21,0.832421,0.377578995,0.658684777,0.29835
584-03-2,-0.02,0.18973304,-0.209733043,-0.365878305,0.150375922
584-84-9,3.4,3.4198124,-0.019812441,-0.03456271,0.117942145
5850-86-2,-0.95,0.15790613,-1.10790613,-1.93273702,0.211398044
586-38-9,2.02,1.9516805,0.068319459,0.119182974,0.153181916
586-62-9,4.47,4.0503807,0.419619293,0.732023878,0.217698063
587-98-4,0.137,0.76085615,-0.623856152,-1.088314115,0.294053445
5888-33-5,4.52,4.673825,-0.153824787,-0.268346616,0.28735945
589-18-4,1.58,1.7451721,-0.165172143,-0.288142025,0.121343499
589-92-4,1.38,1.1920059,0.187994127,0.327954869,0.342311214
589-98-0,2.645,3.0945034,-0.449503403,-0.784156567,0.116772076
59-30-3,-2.61,-2.7041047,0.094104662,0.164165139,0.548549599
59-42-7,-0.31,0.5941667,-0.904166696,-1.577314538,0.239635358
59-43-8,-3.93,-3.5361795,-0.393820457,-0.687017931,0.467141526
59-46-1,1.953,1.6994332,0.253566792,0.442346074,0.436238453
59-50-7,3.1,2.2436128,0.856387234,1.493963491,0.109230752
59-67-6,-0.391,0.015054494,-0.406054494,-0.70836015,0.316605974
590-01-2,2.67,2.139315,0.53068511,0.925777672,0.121186869
590-86-3,1.405,1.2357203,0.169279723,0.295307679,0.263696221
591-17-3,3.41,2.946398,0.46360198,0.808751469,0.052018077
591-20-8,2.63,3.0604963,-0.43049633,-0.750998818,0.106995175
591-31-1,1.71,1.9420078,-0.23200778,-0.404736478,0.445373894
591-35-5,3.62,2.9467373,0.673262711,1.174503624,0.135188454
591-50-4,3.25,2.9682038,0.281796217,0.491592172,0.367874082
591-78-6,1.38,1.4371201,-0.05712008,-0.09964571,0.205173559
591-87-7,0.97,0.8858718,0.084128172,0.1467612,0.137576058
592-41-6,3.39,3.4851062,-0.09510623,-0.165912369,0.088881444
592-76-7,3.99,4.06487,-0.074869881,-0.130610154,0.071352399
592-84-7,1.32,1.9258258,-0.605825834,-1.056860311,0.095177266
592-88-1,2.61,2.1017375,0.508262501,0.886661536,0.348213788
593-45-3,2.3,5.1614966,-2.861496639,-4.991867395,0.066814977
593-60-2,1.57,1.1870021,0.382997937,0.668138096,0.116530773
595-41-5,1.67,1.7702093,-0.100209312,-0.174814673,0.199091986
595-46-0,0.39,0.40897948,-0.018979475,-0.033109606,0.642682857
598-75-4,1.28,1.7099577,-0.429957719,-0.750059213,0.123655002
5989-54-8,4.57,4.306584,0.263416119,0.459528177,0.182079082
599-64-4,3.7,3.9854038,-0.285403776,-0.497885542,0.169197001
60-00-4,0.13,-0.5887161,0.71871609,1.25379683,0.699527393
60-01-5,2.54,2.412031,0.127969065,0.22324143,0.416739292
60-12-8,1.37,1.9413021,-0.571302061,-0.996633752,0.093885945
60-18-4,-0.753,-0.8905328,0.137532792,0.239925306,0.341500374
60-24-2,-0.056,-0.096092105,0.040092105,0.069940488,0.050234351
60-27-5,-1.76,-0.6792213,-1.080778728,-1.885413394,0.280656433
60-29-7,0.89,0.30201963,0.587980374,1.02572899,0.234793863
60-33-3,7.05,6.667905,0.382095146,0.666563181,0.456909428
60-34-4,-1.05,-0.17717423,-0.872825775,-1.522640448,0.118374507
60-35-5,-1.26,0.31029186,-1.570291857,-2.73936674,0.119030363
60-54-8,-1.335,-1.2904295,-0.044570527,-0.077753074,0.999217527
60-87-7,4.673,4.222233,0.450767181,0.786361223,0.368903143
602-01-7,2.09,1.8087382,0.281261768,0.490659829,0.128880667
602-87-9,3.85,3.4428504,0.407149649,0.710270642,0.396782914
603-34-9,5.74,5.139616,0.600383987,1.047367035,0.493529894
6032-29-7,1.22,0.89308995,0.32691005,0.570293041,0.09440581
604-35-3,7.2,7.3881297,-0.188129711,-0.328191394,0.464954902
606-20-2,2.075,1.9062706,0.168729377,0.294347602,0.170955101
606-45-1,2.04,2.1952934,-0.155293427,-0.27090865,0.143452388
608-25-3,0.183,0.85784477,-0.67484477,-1.177263519,0.563432338
608-33-3,3.36,3.638329,-0.278329029,-0.485543679,0.169335759
608-66-2,-3.1,-3.038762,-0.061237907,-0.106829241,0.217798824
608-71-9,5.65,3.0608094,2.589190626,4.516830839,0.12199165
608-93-5,5.105,3.7232764,1.381723623,2.410410346,0.065079841
609-15-4,1.2,1.111721,0.088278961,0.154002232,0.194467628
609-19-8,4.01,2.903482,1.10651804,1.930315503,0.125573239
609-89-2,1.91,1.6587416,0.251258407,0.438319106,0.099775869
61-90-5,-1.52,-1.4593403,-0.060659666,-0.105820501,0.263818243
610-39-9,2.04,2.1087377,-0.068737707,-0.119912606,0.123475336
610-81-1,1.01,1.9916056,-0.981605639,-1.71240641,0.158389276
611-06-3,3.085,2.8960586,0.188941441,0.329607452,0.059462918
611-15-4,3.58,3.8086028,-0.22860281,-0.398796524,0.122770368
611-19-8,3.32,2.5458846,0.774115391,1.350440649,0.117658257
614-45-9,3,3.372724,-0.372724056,-0.650215359,0.142167136
614-47-1,4.018,4.0140204,0.003979557,0.006942318,0.267839166
615-58-7,3.22,2.8342872,0.385712833,0.672874219,0.115617501
615-67-8,1.4,2.010553,-0.610552883,-1.065106626,0.121264631
615-74-7,2.9,2.3375506,0.56244936,0.981190256,0.078980885
616-38-6,0.354,0.42780682,-0.073806824,-0.128755657,0.154887475
616-86-4,2.38,2.3857436,-0.005743618,-0.010019715,0.168795309
617-35-6,0.435,0.7604402,-0.325440171,-0.567728843,0.203775364
62-23-7,1.89,1.6071881,0.282811894,0.493364016,0.670284976
62-44-2,1.58,2.0415,-0.461500092,-0.805084734,0.300001103
62-53-3,0.91,1.2107671,-0.30076715,-0.524686875,0.224449508
62-56-6,-1.08,0.27550977,-1.355509775,-2.364680411,0.225956073
62-73-7,1.44,1.2288145,0.211185517,0.368412139,0.237890319
620-17-7,2.4,2.3290265,0.070973539,0.123813005,0.167025931
620-79-1,2.52,2.631869,-0.111869078,-0.195155079,0.250569441
620-92-8,2.91,3.206982,-0.296981897,-0.51808352,0.395119925
622-24-2,2.95,2.961873,-0.011873055,-0.020712488,0.095628101
622-45-7,2.64,2.5649645,0.075035467,0.130899019,0.12785412
622-62-8,1.81,2.0398846,-0.229884567,-0.401032544,0.15451172
622-97-9,3.465,3.3895838,0.075416174,0.13156316,0.153583523
623-05-2,0.25,0.8021746,-0.552174628,-0.963266035,0.15775978
623-37-0,1.65,1.5073371,0.142662907,0.248874768,0.159650076
623-42-7,1.29,1.301232,-0.01123198,-0.019594137,0.079142664
623-91-6,2.12,2.4741414,-0.354141359,-0.617797932,0.320560292
624-24-8,1.96,1.8271998,0.132800183,0.231669294,0.072576335
624-49-7,0.74,1.2675195,-0.527519474,-0.920255235,0.154265486
624-89-5,1.54,0.86152077,0.678479233,1.183603822,0.111145315
624-92-0,1.77,1.3879107,0.382089276,0.666552941,0.086994061
625-33-2,0.52,0.60294247,-0.082942467,-0.144692742,0.184020538
625-80-9,2.84,3.217605,-0.377605114,-0.658730341,0.121866938
625-98-9,2.76,2.3774834,0.382516632,0.667298461,0.118708837
626-27-7,5.58,5.4386163,0.141383724,0.24664324,0.187078575
626-93-7,1.76,2.0590034,-0.299003353,-0.52160994,0.084866373
627-13-4,1.74,0.7440029,0.995997121,1.737512282,0.135354361
627-93-0,1.03,1.7531157,-0.723115654,-1.261471849,0.162448712
628-63-7,2.26,2.1389482,0.121051798,0.211174291,0.08119248
6283-25-6,2.23,1.640383,0.589616995,1.028584067,0.133860984
629-11-8,-0.055,0.07232,-0.127319999,-0.222109139,0.13441381
629-14-1,0.66,0.7376365,-0.077636507,-0.13543652,0.19695986
629-59-4,7.2,7.107184,0.092816067,0.161917191,0.046283553
629-73-2,8.063,7.661717,0.401283062,0.70003641,0.068292786
629-96-9,8.025,8.132201,-0.107201195,-0.187011979,0.081820107
629-97-0,6,6.2002163,-0.200216293,-0.34927638,0.110789997
5.03.6290,-0.9,-0.7299519,-0.170048082,-0.296648077,0.101960669
63-74-1,-0.68,0.0496662,-0.7296662,-1.272899245,0.135479987
630-20-6,2.66,1.0877856,1.572214398,2.742720605,0.999217527
632-99-5,1.36,1.9004898,-0.540489807,-0.94288192,0.999217527
2.03.6320,1.96,2.877715,-0.917715111,-1.600949684,0.046437015
633-03-4,0.765,0.5289913,0.236008718,0.411716096,0.468880666
6334-18-5,2.6,2.7752607,-0.175260687,-0.305741442,0.335923114
634-66-2,4.64,3.2316215,1.408378496,2.456909646,0.037496467
634-90-2,4.66,3.3616424,1.298357639,2.26497878,0.059016792
635-22-3,2.06,2.149833,-0.089832964,-0.156713182,0.085542667
635-51-8,1.03,0.93794465,0.092055349,0.160590123,0.617272692
6359-85-9,-0.8,-0.42140022,-0.378599781,-0.660465532,0.35551654
6362-80-7,6.2,5.704285,0.495714855,0.864772228,0.198358108
638-49-3,2.786,2.5558445,0.230155455,0.401505105,0.110027283
64-13-1,1.77,2.1581168,-0.388116817,-0.677067958,0.240921162
64-17-5,-0.313,0.626509,-0.939509011,-1.638969039,0.129332844
64-18-6,-0.54,0.42746294,-0.967462935,-1.687734529,0.065367085
64-19-7,-0.17,0.12838274,-0.298382742,-0.520527287,0.116658221
64-67-5,1.14,1.3000894,-0.160089359,-0.279275132,0.209090957
64-86-8,1.03,1.1340743,-0.10407433,-0.181557179,0.545152253
6408-78-2,-0.09,0.24211599,-0.332115989,-0.579374777,0.491604343
6428-31-5,-1.5,-1.4989866,-0.001013398,-0.001767868,0.731961056
643-58-3,4.14,4.266113,-0.126112804,-0.220003193,0.149464291
644-08-6,4.63,3.6813264,0.948673611,1.654956641,0.115183745
644-35-9,2.93,3.0573692,-0.127369232,-0.222195025,0.101901684
645-56-7,3.2,2.7370265,0.462973547,0.80765517,0.169037509
6485-40-1,2.71,2.6773293,0.032670698,0.056993879,0.2664928
65-45-2,1.28,1.1759456,0.10405436,0.181522341,0.153485419
65-82-7,-0.03,-0.43742734,0.407427342,0.710755077,0.237674558
65405-77-8,4.8,4.440597,0.359402943,0.626976739,0.273746859
657-84-1,-3.18,-0.300672,-2.879328005,-5.022974129,0.084661186
66-23-9,-3.61,-2.725645,-0.884354935,-1.542753014,0.413390836
66-25-1,1.78,2.2769613,-0.496961327,-0.866946691,0.213328778
66-71-7,1.78,1.8968637,-0.116863699,-0.203868172,0.712398354
66-76-2,2.413,2.3340926,0.078907383,0.137653558,0.733883295
661-19-8,8.3,7.271414,1.028586197,1.794363771,0.109058006
6635-20-7,2,1.5037619,0.496238112,0.865685047,0.704619358
6640-27-3,2.65,2.5274231,0.122576857,0.213834748,0.087181048
6683-19-8,1.36,1.849136,-0.489135995,-0.853295437,0.867717984
67-45-8,0.273,0.4270812,-0.154081198,-0.268793923,0.223407734
67-52-7,-1.47,-0.5035306,-0.966469378,-1.686001274,0.999217527
67-56-1,-0.76,-0.25314227,-0.506857733,-0.884210925,0.073683363
67-63-0,0.05,0.807056,-0.75705601,-1.320680639,0.066744413
67-64-1,-0.24,0.90776294,-1.147762945,-2.002267045,0.19526369
67-66-3,1.97,1.9194748,0.05052516,0.088140903,0.03362509
67-68-5,-1.35,-0.39087936,-0.959120637,-1.673181429,0.213722839
67-71-0,-1.41,-0.36897594,-1.041024063,-1.816061569,0.24134334
67-72-1,4.02,1.7586129,2.261387129,3.944979184,0.478719047
6740-88-1,2.18,2.344023,-0.164022989,-0.286137331,0.21165412
6742-54-7,8.14,7.9779444,0.162055626,0.282705275,0.068293318
676-22-2,5.5,4.5371084,0.962891579,1.679759819,0.758373715
68-12-2,-0.975,0.4235895,-1.398589498,-2.439832784,0.243802556
68-26-8,5.68,5.8585563,-0.178556271,-0.311490572,0.450223917
688-84-6,4.37,4.9543376,-0.584337597,-1.019374183,0.110917921
3.02.6893,1.96,1.8931135,0.066886506,0.116683194,0.92772294
69-65-8,-3.1,-3.038762,-0.061237907,-0.106829241,0.217798824
69-72-7,2.245,1.695172,0.549828048,0.959172437,0.197157531
69-89-6,-0.73,-0.86763966,0.137639661,0.240111739,0.999217527
691-37-2,3.375,3.4313016,-0.056301594,-0.098217865,0.130094427
6920-22-5,0.58,0.65422654,-0.074226542,-0.129487852,0.08093071
693-54-9,3.73,3.438785,0.291214924,0.508023062,0.132873799
695-12-5,5.01,4.761763,0.248236904,0.433048109,0.17689924
696-29-7,6,4.9987226,1.001277447,1.746723785,0.142856743
6972-71-0,2.07,1.6329827,0.437017269,0.762374565,0.184167796
6976-93-8,1.551,1.1616877,0.389312268,0.679153416,0.143628151
70-30-4,7.23,6.08782,1.142179947,1.992527532,0.765058884
70-34-8,1.5,2.0113418,-0.51134181,-0.892033377,0.118392358
70-55-3,0.82,0.78959954,0.030400462,0.053033463,0.119194406
708-06-5,6,4.268306,1.731694221,3.020932404,0.332167975
71-00-1,-3.32,-2.5346076,-0.785392351,-1.370113253,0.999217527
71-41-0,1.51,1.7858356,-0.275835624,-0.481193945,0.051402406
71-43-2,2.13,3.2032773,-1.073277349,-1.872327276,0.047188707
71-55-6,2.49,1.3791966,1.110803356,1.937791217,0.350980527
7116-95-2,5.51,4.833099,0.676901112,1.180850798,0.140233274
712-50-5,3.7,3.4945724,0.205427599,0.358367478,0.518548226
719-22-2,4.42,3.834408,0.585591955,1.021562405,0.448765722
719-59-5,3.16,3.6705258,-0.510525789,-0.890609832,0.252486444
72-18-4,-2.26,-1.929598,-0.330402026,-0.576384777,0.293174624
72-48-0,2.91,3.0139732,-0.103973236,-0.18138082,0.636497454
72-69-5,4.37,4.328127,0.041873093,0.073047413,0.271012596
723-46-6,0.827,0.9279596,-0.100959621,-0.176123583,0.704619358
73-22-3,-1.06,-0.8417531,-0.218246875,-0.380730644,0.225900634
73-24-5,-0.09,0.6224662,-0.712466207,-1.242893938,0.59982058
732-11-6,2.89,2.6129014,0.277098551,0.483397115,0.365746797
732-26-3,6.06,5.412081,0.647919235,1.130292051,0.322098342
7365-45-9,-3.85,-3.9274552,0.077455187,0.135120208,0.449803559
74-11-3,2.65,2.329079,0.320921087,0.559845324,0.120327822
74-88-4,1.51,1.8828677,-0.372867694,-0.650465934,0.054552822
74-95-3,1.79,1.1923169,0.59768311,1.042655368,0.059709745
74-96-4,1.61,1.1889148,0.421085224,0.734581188,0.043931587
74-97-5,1.41,0.13949724,1.270502765,2.216386082,0.060323682
7452-79-1,2,2.1664217,-0.166421652,-0.290321787,0.16107395
7473-98-5,1.62,2.101147,-0.481146936,-0.839358562,0.193288542
7493-74-5,2.33,2.2813778,0.048622208,0.084821212,0.371532684
75-01-4,1.46,1.2611269,0.198873124,0.346933227,0.123737657
75-03-6,2,1.972072,0.027927995,0.048720255,0.088844221
75-05-8,-0.32,0.8344189,-1.154418893,-2.013878315,0.999217527
75-07-0,-0.017,0.14250986,-0.159509863,-0.278264204,0.263666281
75-08-1,1.5,1.3414886,0.1585114,0.27652239,0.05644806
75-09-2,1.25,1.1923169,0.05768311,0.100627914,0.059709745
75-12-7,-1.51,-0.3861705,-1.123829494,-1.960515252,0.427759482
75-18-3,0.84,0.92017543,-0.080175433,-0.139865665,0.189671587
75-25-2,2.39,1.9194748,0.47052516,0.820828923,0.03362509
75-26-3,2.14,1.8681167,0.271883264,0.474299071,0.120409966
75-27-4,2,0.7451531,1.254846871,2.18907445,0.051562432
75-29-6,1.9,1.6849742,0.215025806,0.375111505,0.109920549
75-34-3,1.795,1.629458,0.165542049,0.288787325,0.101338245
75-35-4,2.27,1.463444,0.806556005,1.407033149,0.124103522
75-36-5,-0.47,1.3793133,-1.84931335,-3.226118419,0.051182905
75-52-5,-0.35,0.043156303,-0.393156303,-0.685859318,0.078893065
75-56-9,0.03,-0.029334327,0.059334327,0.103508454,0.200114788
75-61-6,1.99,2.0112426,-0.021242628,-0.037057665,0.029531729
75-64-9,0.4,1.5673077,-1.167307711,-2.036362797,0.163024833
75-65-0,0.333,1.4357734,-1.102773373,-1.923782949,0.157582245
75-69-4,2.53,2.0112426,0.518757372,0.904969789,0.029531729
75-83-2,3.82,3.6767159,0.143284149,0.249958523,0.151603992
75-85-4,0.89,1.4314524,-0.541452394,-0.944561147,0.12874749
75-91-2,0.846,1.31101,-0.465010003,-0.811207758,0.134869038
75-97-8,1.2,1.5854301,-0.385430145,-0.672381071,0.999217527
7534-94-3,5.09,5.343375,-0.253375206,-0.442011852,0.248676927
76-01-7,3.445,2.2419016,1.203098364,2.098799423,0.856161777
76-03-9,1.453,0.6662841,0.786715916,1.372422205,0.313799597
76-05-1,-2.1,0.48260695,-2.582606947,-4.505345642,0.128945431
76-13-1,3.23,1.7767309,1.453269105,2.535221101,0.025398217
76-22-2,2.38,2.2829537,0.097046261,0.169296744,0.999217527
760-23-6,2.37,1.4678762,0.902123804,1.573750723,0.147302139
763-32-6,0.89,1.1263163,-0.236316309,-0.412252687,0.135759849
765-69-5,-0.8,0.17494169,-0.974941689,-1.700781179,0.509412005
768-94-5,2.393,2.3145108,0.078489178,0.136924,0.410328523
769-78-8,2.8,2.1584868,0.641513157,1.119116677,0.266315124
77-09-8,2.41,2.6153443,-0.205344286,-0.358222139,0.50784287
77-47-4,4.52,3.2138715,1.306128521,2.278535046,0.350857381
77-73-6,2.78,2.9974027,-0.217402668,-0.379257929,0.36410857
77-78-1,0.16,0.3516478,-0.191647794,-0.334328673,0.285524711
77-79-2,1,1.8453696,-0.845369577,-1.474743242,0.278109713
77-83-8,2.6,2.5701032,0.029896832,0.052154882,0.146595857
77-85-0,-1.105,-0.44800228,-0.656997721,-1.146129427,0.301775941
77-90-7,4.92,4.5226173,0.39738266,0.693232177,0.38392467
77-92-9,-1.655,-1.7019933,0.046993346,0.081979671,0.400912582
77-93-0,0.71,0.22987561,0.480124391,0.837574736,0.337636699
770-35-4,1.5,1.9145858,-0.414585829,-0.723243023,0.145930899
7731-29-5,1.79,1.9564079,-0.166407905,-0.290297805,0.118079975
7756-96-9,3.69,3.2971058,0.392894211,0.685402098,0.253012001
776-34-1,1.77,2.026252,-0.256252031,-0.44703046,0.321888299
7779-31-9,5.25,4.758529,0.491470814,0.857368517,0.296571916
78-40-0,0.8,1.7301663,-0.930166316,-1.622670752,0.213037193
78-44-4,2.1,2.3707428,-0.270742798,-0.472309534,0.370907185
78-59-1,1.69,2.0355542,-0.345554171,-0.602817621,0.38877101
78-69-3,3.6,3.7067351,-0.106735134,-0.186198938,0.188821667
78-70-6,2.97,2.7602627,0.209737272,0.365885683,0.309433174
78-78-4,4,3.334886,0.665113926,1.160288108,0.1302727
78-79-5,2.36,2.305628,0.054371939,0.094851591,0.166621096
78-81-9,0.73,0.9554174,-0.225417395,-0.393239582,0.117127789
78-82-0,0.46,1.5852938,-1.12529377,-1.963069676,0.098981334
78-83-1,0.773,1.7670746,-0.994074585,-1.734158426,0.091937423
78-84-2,0.985,1.0149881,-0.029988065,-0.052314038,0.534327809
78-85-3,0.9,1.2058431,-0.305843091,-0.53354183,0.367546044
78-87-5,2,0.623075,1.376924992,2.402039155,0.069171364
78-90-0,-1.8,-1.0563636,-0.743636417,-1.297270224,0.139227163
78-92-2,0.607,0.98461413,-0.377614134,-0.658746076,0.119063465
78-93-3,0.29,0.31032816,-0.020328156,-0.035462372,0.348935885
78-94-4,0.117,1.0315403,-0.914540275,-1.595411197,0.183425157
78-95-5,0.28,0.5194683,-0.239468307,-0.417751333,0.238938584
78-96-6,-0.973,-0.52636385,-0.44663615,-0.779154658,0.100586881
78-98-8,-1.28,-0.32187298,-0.958127021,-1.67144807,0.486175722
78-99-9,2.3,1.3259653,0.974034715,1.699198967,0.179639583
781-43-1,5.69,5.1178503,0.572149696,0.998112448,0.492011921
79-00-5,2.12,0.58339864,1.53660136,2.680593827,0.126769262
79-01-6,2.515,1.4290131,1.085986867,1.894498969,0.045527386
79-06-1,-0.707,0.90600973,-1.613009734,-2.813887875,0.180244313
79-08-3,0.41,0.31392872,0.096071277,0.167595889,0.189024486
79-09-4,0.33,0.06755279,0.26244721,0.45783792,0.215640405
79-10-7,0.353,1.3942019,-1.041201875,-1.816371761,0.29757304
79-11-8,0.26,0.9511922,-0.6911922,-1.205781534,0.999217527
79-20-9,0.18,0.47578058,-0.295780576,-0.515987821,0.111143708
79-24-3,0.19,0.7438907,-0.553890703,-0.966259719,0.073665204
79-27-6,2.8,1.3680058,1.431994247,2.498107213,0.144198389
79-29-8,3.42,2.5414662,0.878533764,1.532598009,0.367416847
79-34-5,2.39,1.1658106,1.224189415,2.135592662,0.409820808
79-46-9,0.93,1.7125665,-0.782566495,-1.365183561,0.856161777
79-74-3,3.3,3.6233478,-0.323347759,-0.564078641,0.56526341
79-92-5,4.16,3.8741503,0.285849724,0.498663495,0.269729227
79-97-0,4.11,4.0044007,0.10559927,0.184217428,0.364701251
80-00-2,3.25,3.4788778,-0.228877783,-0.399276213,0.170738551
80-05-7,3.32,3.6527545,-0.332754545,-0.580488735,0.279091863
80-07-9,3.9,4.0902524,-0.190252399,-0.331894414,0.28167598
80-08-0,0.78,0.51341313,0.266586869,0.465059536,0.473444721
80-40-0,1.81,1.9864855,-0.176485481,-0.30787809,0.124573714
80-46-6,3.83,3.6382284,0.191771584,0.334544623,0.227825173
80-48-8,1.88,1.2985017,0.58149827,1.01442099,0.161961767
80-56-8,4.83,4.7154975,0.114502506,0.199749082,0.203823867
80-62-6,1.38,1.3192518,0.060748224,0.105974991,0.092786477
81-07-2,0.91,2.124334,-1.214334097,-2.118400106,0.126216951
81-16-3,-1.16,0.42234153,-1.582341526,-2.76038733,0.848923779
81-64-1,4.16,3.84525,0.314750109,0.549080081,0.999217527
81-81-2,2.675,2.6836135,-0.008613539,-0.015026278,0.707583312
818-61-1,-0.21,-0.101675,-0.108325004,-0.188972458,0.137195899
82-44-0,3.98,3.9903648,-0.01036479,-0.018081327,0.295200263
82-58-6,-0.24,-0.09406914,-0.145930862,-0.2545757,0.617272692
82-68-8,4.495,3.605201,0.889798994,1.55225015,0.089693575
821-55-6,3.14,3.0911112,0.048888817,0.08528631,0.130907399
823-36-9,0.3,0.80613405,-0.506134045,-0.882948455,0.515115512
82799-44-8,6.267,5.6211386,0.645861427,1.126702215,0.3001618
83-12-5,2.75,2.4476407,0.302359343,0.527464447,0.392830971
83-32-9,3.91,3.7064242,0.203575764,0.35513696,0.294923961
83-56-7,1.82,2.171982,-0.35198205,-0.614031026,0.842616203
83-79-4,4.1,3.9431283,0.156871653,0.273661858,0.702321239
830-13-7,4.1,4.2416716,-0.141671562,-0.247145372,0.310593617
836-30-6,3.82,2.940296,0.879704065,1.534639594,0.174452949
83834-59-7,6,5.548782,0.451218128,0.787147897,0.204431441
83846-85-9,5.89,5.4628377,0.427162304,0.745182625,0.289762085
84-11-7,2.52,3.145072,-0.625071983,-1.090435128,0.578357374
84-15-1,5.28,5.192737,0.087262897,0.152229713,0.288779272
84-54-8,3.406,3.6402478,-0.234247822,-0.408644221,0.318278521
84-61-7,5.21,5.019738,0.190261803,0.331910818,0.442251908
84-65-1,3.39,3.8510559,-0.461055861,-0.804309775,0.663943068
84-66-2,2.47,2.8214593,-0.351459293,-0.61311908,0.18944945
84-69-5,4.11,3.9421086,0.167891369,0.292885701,0.377273174
84-74-2,4.573,4.2812705,0.291729496,0.50892073,0.284562804
840-65-3,3.5,3.3501868,0.149813175,0.261348378,0.342946142
846-49-1,2.945,3.4562497,-0.511249714,-0.891872715,0.37772231
85-01-8,4.46,5.079881,-0.619881191,-1.081379815,0.507857707
85-36-9,1.04,0.93323934,0.106760659,0.186243467,0.572076817
85-44-9,1.6,1.6751341,-0.075134063,-0.131071018,0.373048312
85-68-7,4.75,4.5991316,0.150868416,0.26318924,0.250077598
85-79-0,4.333,4.3283234,0.004676636,0.008158369,0.510335876
85-91-6,2.947,2.3082476,0.638752434,1.114300609,0.168508609
86-57-7,3.19,3.2015429,-0.011542854,-0.020136455,0.240953045
86-73-7,4.18,3.9648278,0.215172224,0.37536693,0.248946347
860-22-0,-3.57,-2.5526693,-1.017330713,-1.774728632,0.737362193
868-77-9,0.445,0.5603592,-0.11535918,-0.201243546,0.154539771
87-08-1,1.745,1.7189757,0.026024337,0.045399333,0.381053155
87-22-9,4.8,4.439623,0.360377121,0.628676188,0.185856311
87-25-2,2.57,2.5347996,0.035200424,0.061406974,0.236647985
87-61-6,4.05,3.2170625,0.832937527,1.453055588,0.048431565
87-65-0,2.75,2.5320957,0.217904329,0.380133075,0.138273683
87-66-1,0.985,0.85624325,0.128756747,0.224615538,0.346868545
87-68-3,4.84,2.2106285,2.62937149,4.586926167,0.062392728
87-82-1,6.07,3.104463,2.9655369,5.173365138,0.087560779
87-83-2,5.43,3.7176504,1.712349586,2.98718578,0.119713226
87-86-5,5.083,3.0563288,2.026671227,3.535518399,0.11926394
872-05-9,6.85,6.0182686,0.831731415,1.450951531,0.056664789
872-36-6,0.437,1.7626086,-1.325608647,-2.312518035,0.054179316
872-50-4,-0.38,-0.44393095,0.063930954,0.111527247,0.177164266
872-93-5,-0.4,0.41040942,-0.810409421,-1.413755413,0.162008281
873-75-6,1.59,2.1639452,-0.573945198,-1.001244692,0.117188064
88-04-0,3.27,3.1227858,0.147214193,0.256814466,0.224296561
88-06-2,3.695,2.9231863,0.771813698,1.346425357,0.110582245
88-18-6,3.305,3.7510052,-0.446005173,-0.778053921,0.15775538
88-30-2,2.84,2.1178482,0.722151842,1.259790484,0.115397969
88-44-8,-0.67,0.7230559,-1.393055899,-2.430179448,0.553609432
88-51-7,-0.97,-0.04520975,-0.924790249,-1.61329223,0.241024773
88-58-4,2.44,3.238259,-0.798259077,-1.392559196,0.278876106
88-60-8,4.11,3.863026,0.246974096,0.430845146,0.133818776
88-69-7,2.88,2.625142,0.254857903,0.444598409,0.099800004
88-72-2,2.3,2.664222,-0.364222002,-0.635383565,0.117132239
88-73-3,2.38,2.6367915,-0.256791468,-0.447971505,0.062273877
88-74-4,1.645,2.240904,-0.595904093,-1.03955188,0.183127518
88-75-5,1.79,1.8582325,-0.068232498,-0.119031271,0.273995829
88-89-1,1.735,1.4278296,0.307170377,0.535857274,0.597604639
88-99-3,0.73,1.7729895,-1.042989511,-1.819490285,0.27601401
882-33-7,4.41,3.4735227,0.936477337,1.633680299,0.181368882
89-61-2,3.01,3.0546935,-0.04469346,-0.077967531,0.093498649
89-63-4,2.72,2.3788555,0.341144533,0.59512503,0.081921485
89-72-5,3.27,3.3019366,-0.031936626,-0.055713294,0.131014131
89-79-2,2.4,2.1983674,0.201632643,0.351747195,0.226817585
89-83-8,3.3,2.9568408,0.343159246,0.598639687,0.10975365
89-98-5,2.33,3.223552,-0.893551989,-1.558797231,0.27894652
90-00-6,2.47,2.842026,-0.372025995,-0.648997595,0.099616454
90-02-8,1.81,1.5177877,0.292212305,0.509762988,0.281065939
90-04-0,1.18,1.9044087,-0.724408693,-1.26372755,0.131388088
90-05-1,1.32,1.0614508,0.258549161,0.451037792,0.128794966
90-13-1,4,3.6210823,0.378917694,0.661020131,0.057806605
90-15-3,2.85,3.2545178,-0.404517794,-0.705679384,0.37281223
90-43-7,3.127,3.6919136,-0.564913605,-0.98548912,0.149621743
90-44-8,3.66,3.9274492,-0.267449226,-0.466563914,0.348277624
91-10-1,1.15,1.0989139,0.051086092,0.089119447,0.456943407
91-16-7,1.6,1.2633455,0.33665452,0.587292223,0.286000483
91-17-8,4.7,4.683381,0.016618919,0.028991626,0.272502013
91-20-3,3.317,3.9121172,-0.595117243,-1.038179224,0.124003311
91-22-5,2.04,2.2503521,-0.210352144,-0.366958324,0.275563547
91-23-6,1.73,1.587385,0.142614942,0.248791093,0.151453094
91-57-6,3.86,3.9730117,-0.113011732,-0.197148434,0.09917635
91-80-5,2.87,2.8722563,-0.002256279,-0.003936068,0.298320564
915-30-0,6.3,6.109758,0.1902421,0.331876446,0.474050859
915-67-3,-5.13,-3.7907517,-1.339248304,-2.336312352,0.487880271
92-52-4,3.727,3.9316554,-0.204655407,-0.357020392,0.268653679
92-69-3,3.2,3.78336,-0.583360004,-1.017668777,0.200052688
926-57-8,2.84,1.5504572,1.289542761,2.249601266,0.121079687
93-11-8,2.207,2.346447,-0.139446991,-0.243264618,0.102737545
93-51-6,1.2,1.5108702,-0.310870218,-0.54231163,0.137996588
93-53-8,1.96,2.1846256,-0.224625626,-0.391858345,0.348022184
93-55-0,2.19,2.6847055,-0.494705496,-0.863011405,0.299900804
93-58-3,2.12,2.2901971,-0.170197134,-0.296908098,0.057623996
93-89-0,2.64,2.7297492,-0.089749203,-0.156567061,0.080553931
930-28-9,2.7,1.8464266,0.853573394,1.489054761,0.130580218
930-55-2,-0.19,1.0434574,-1.233457389,-2.151760599,0.215615969
931-87-3,5,4.798653,0.201346874,0.351248673,0.208783888
933-75-5,3.785,2.7080457,1.076954279,1.878741662,0.082060129
933-78-8,3.8,2.8852966,0.914703417,1.595695798,0.098658719
935-95-5,3.89,3.7055914,0.18440856,0.321699863,0.112052736
939-97-9,3.1,3.368565,-0.268565083,-0.46851052,0.319324197
94-02-0,1.87,2.1047497,-0.23474968,-0.409519709,0.277897219
94-04-2,3.59,3.7720387,-0.182038698,-0.317565651,0.276863103
94-09-7,1.86,2.2942712,-0.434271231,-0.757584114,0.240985719
94-13-3,3.04,2.667414,0.37258605,0.649974607,0.176294932
94-36-0,3.46,2.8989933,0.561006746,0.978673624,0.241160221
94-47-3,4.01,4.140873,-0.130872955,-0.228307253,0.129686313
94-60-0,2.29,1.8184785,0.471521535,0.822567094,0.41011399
94-96-2,3.36,3.453513,-0.093512907,-0.163132825,0.225908986
947-19-3,2.81,2.6507146,0.159285364,0.277872567,0.277000357
95-13-6,2.92,2.6243305,0.295669479,0.515794013,0.143075127
95-25-0,1.6,2.162415,-0.562415028,-0.981130364,0.130060049
95-46-5,3.5,3.4792464,0.020753622,0.036204596,0.049641511
95-47-6,3.12,3.707171,-0.587170963,-1.024316977,0.179272791
95-48-7,1.95,2.386666,-0.436666059,-0.761761882,0.109224708
95-49-8,3.41,3.503413,-0.093412962,-0.162958472,0.051589689
95-50-1,3.405,3.378777,0.026222973,0.045745853,0.082414564
95-53-4,1.375,1.7697288,-0.39472878,-0.688602495,0.13157789
95-54-5,0.15,1.4759296,-1.325929618,-2.313077966,0.441680398
95-55-6,0.62,1.1341165,-0.51411653,-0.896873863,0.434259814
95-56-7,2.35,2.5566132,-0.206613207,-0.360435765,0.095220763
95-57-8,2.15,2.0316718,0.118328238,0.206423052,0.112928623
95-63-6,3.737,4.008779,-0.271779049,-0.474117269,0.147309713
95-65-8,2.23,2.3161926,-0.086192627,-0.150362631,0.205293656
95-73-8,4.24,3.94844,0.291559925,0.508624915,0.067397545
95-77-2,3.33,2.9707594,0.359240608,0.626693547,0.078741185
95-87-4,2.33,2.2842932,0.045706825,0.079735341,0.142982648
95-94-3,4.75,4.159379,0.590620995,1.03033554,0.083897335
95-95-4,3.71,3.1914966,0.518503389,0.904526718,0.18791638
96-05-9,2.15,2.2263348,-0.07633481,-0.133165717,0.180589636
96-14-0,3.6,3.907209,-0.30720892,-0.535924512,0.155431409
96-18-4,2.27,0.9613576,1.308642406,2.282920508,0.202165503
96-22-0,0.99,1.473298,-0.483297954,-0.843111001,0.409721422
96-23-1,0.78,0.08178111,0.698218888,1.218039559,0.184470967
96-24-2,-0.53,-0.901391,0.371391029,0.6478899,0.072958043
96-27-5,0,-0.10584104,0.105841041,0.184639196,0.095212295
96-29-7,0.63,0.037041314,0.592958686,1.034413632,0.25228419
96-33-3,0.8,0.84942216,-0.049422157,-0.08621672,0.172665749
96-34-4,0.76,0.47573763,0.284262369,0.495894362,0.099793662
96-37-7,3.37,3.2234354,0.146564598,0.25568125,0.134501272
96-41-3,0.71,0.83362967,-0.123629668,-0.215671372,0.112521972
96-49-1,0.11,0.57786244,-0.467862442,-0.816183823,0.196495739
96-76-4,5.19,5.381981,-0.191980896,-0.334909768,0.181185572
96-88-8,2.075,2.0727818,0.002218199,0.003869637,0.361644373
97-00-7,2.17,1.245618,0.924382014,1.612580065,0.158015584
97-02-9,1.89,1.8415356,0.048464432,0.084545973,0.309848596
97-41-6,4.66,4.558894,0.101105843,0.176378666,0.225269935
97-53-0,2.38,2.2358425,0.144157534,0.251482138,0.192713186
97-54-1,3.04,2.76791,0.272089996,0.474659716,0.209339445
97-62-1,1.8,1.6774641,0.122535872,0.213763252,0.209292185
97-63-2,1.94,2.1909463,-0.250946341,-0.437774708,0.088224915
97-72-3,1.1,1.3632367,-0.263236666,-0.459215122,0.312849747
97-77-8,3.89,2.9036567,0.986343279,1.720671199,0.657681491
97-88-1,2.57,2.6191692,-0.049169235,-0.085775499,0.106633544
97-90-5,2.4,2.3850205,0.014979506,0.026131677,0.36931194
98-01-1,0.427,0.89302343,-0.466023431,-0.812975679,0.237061279
98-06-6,4.11,4.4080553,-0.298055305,-0.519956075,0.123790851
98-09-9,3.39,2.581336,0.808663979,1.410710498,0.100475123
98-11-3,-0.8,0.8749567,-1.674956727,-2.921954113,0.126693081
98-15-7,2.14,2.679269,-0.539269075,-0.940752359,0.052286285
98-29-3,2.86,2.9174893,-0.05748929,-0.100289796,0.254007186
98-54-4,3.31,3.7771125,-0.467112484,-0.814875526,0.148431309
98-56-6,3.7,3.4657319,0.234268141,0.408679667,0.11129558
98-82-8,3.66,3.8981986,-0.238198605,-0.415536343,0.078932582
98-86-2,1.58,1.4011999,0.178800063,0.311915867,0.126050437
98-92-0,-0.373,-0.1509084,-0.222091604,-0.387437757,0.190794888
98-95-3,1.853,2.2823143,-0.429314301,-0.748936773,0.147754819
99-05-8,0.65,1.142094,-0.492094016,-0.858455691,0.183714504
99-08-1,2.45,2.9356282,-0.485628176,-0.847176063,0.115594439
99-09-2,1.37,1.621037,-0.251037006,-0.437932874,0.156037982
99-10-5,0.86,0.434829,0.425171003,0.741708811,0.549223354
99-30-9,2.3,1.7456741,0.554325867,0.967018861,0.161814623
99-54-7,3.12,2.5886993,0.531300659,0.926851495,0.102648162
99-55-8,1.87,1.9533843,-0.08338428,-0.145463484,0.146705886
99-56-9,0.88,1.0825579,-0.202557917,-0.35336133,0.230653367
99-57-0,1.26,1.5226756,-0.262675633,-0.458236404,0.408096393
99-59-2,1.47,1.6249284,-0.154928355,-0.270271785,0.291016174
99-62-7,4.815,4.570635,0.244365158,0.426293866,0.235279508
99-65-0,1.49,1.7108023,-0.220802317,-0.3851886,0.260150047
99-76-3,1.96,2.0995486,-0.139548578,-0.243441837,0.121235248
99-85-4,4.5,4.08958,0.410419941,0.715975652,0.256893425
99-86-5,4.25,3.591953,0.658046961,1.14795982,0.223961735
99-87-6,4.1,4.053052,0.046948051,0.081900654,0.138635706
99-89-8,2.9,3.0419638,-0.141963816,-0.247655207,0.106734067
99-94-5,2.27,2.2533972,0.016602774,0.02896346,0.125827241
99-96-7,1.58,1.3908308,0.189169245,0.330004856,0.147652382
99-99-0,2.39,2.0897396,0.300260439,0.52380292,0.141072638
