MOLECULE_NAME,y_true,y_pred,residual,std_residual,leverage
302-215-10,2.94,2.7450378,0.19496220588684077,0.33738667802862715,0.3486178
302-283-15,3.15,3.258465,-0.10846505165100107,-0.6442894683271707,0.11725389
302-301-01,1.05,1.6158595,-0.5658595085144043,-2.12409464938336,0.32553607
302-314-01,1.91,2.1324925,-0.22249254226684578,-1.0132018345882146,0.37064245
302-315-01,3.8,3.7564683,0.04353170394897443,-0.15253539683489845,0.266897
302-316-02,2.75,3.0634947,-0.3134946823120117,-1.307620440466191,0.18883559
302-319-02,1.41,1.1702569,0.23974314689636222,0.4822661524605867,0.2167487
302-321-02,0.83,0.53792024,0.29207976341247555,0.6515904525638224,0.23889107
302-323-02,0.67,0.75694025,-0.0869402456283569,-0.5746504095332187,0.20000502
302-324-01,2.28,2.7469366,-0.4669365596771242,-1.8040499045943332,0.21355194
302-325-01,3.36,3.4755669,-0.115566864013672,-0.6672659136501796,0.43514645
302-327-02,0.17,0.0853948,0.08460520029067994,-0.019650592967019754,0.22890441
302-334-01,1.64,1.8524201,-0.21242009162902842,-0.9806145034211773,0.3520276
302-345-02,-0.04,0.492093,-0.5320929968357087,-2.0148500833888696,0.22894846
302-347-02,0.29,0.7754532,-0.4854532098770142,-1.8639566972771866,0.31029367
302-367-17,2.22,2.3233833,-0.10338333129882793,-0.6278486129713957,0.12647095
302-374-04,2.52,2.4109728,0.10902716636657717,0.059361628078509907,0.15169379
302-376-04,2.73,2.6478074,0.08219264030456541,-0.02745593191131596,0.10039917
302-389-02,3.09,3.4558012,-0.3658012485504152,-1.4768475191099624,0.12363187
302-397-08,2.14,2.3733828,-0.23338280677795398,-1.0484350334274015,0.3003228
302-401-02,3.05,2.8665304,0.18346958160400373,0.3002046687093639,0.11001589
302-403-02,2.29,2.1159248,0.1740751647949219,0.2698109757852883,0.13907479
302-414-03,2.96,3.2047172,-0.24471715927124027,-1.0851049871004326,0.17980608
302-416-02,3.21,3.3797927,-0.16979269027709964,-0.8427023612231266,0.2355089
302-420-02,2.62,2.7140355,-0.0940355110168456,-0.597605673475103,0.16627786
302-422-02,3.07,2.93325,0.1367500495910643,0.14905328396506856,0.1371324
302-423-01,2.57,2.5858629,-0.01586287498474137,-0.3446942748315588,0.13808532
302-434-05,3.34,3.6482399,-0.30823985099792495,-1.2906195203905808,0.99916947
302-453-01,2.33,2.574026,-0.24402610778808587,-1.0828692329285061,0.27085972
302-462-01,3.39,3.606435,-0.2164350605010985,-0.9936041049555111,0.10602774
302-472-01,3.46,3.0756626,0.3843373870849609,0.9500709160978338,0.20488828
302-473-01,3.27,3.2070367,0.06296326637268068,-0.0896685948456372,0.16966642
302-482-01,3.36,3.2799213,0.08007870674133288,-0.03429512681702571,0.13491547
302-484-01,2.73,2.770671,-0.040670890808105487,-0.42495548000419064,0.16582924
302-488-01,3.48,3.373031,0.10696909904479979,0.05270317684450616,0.2489191
302-491-01,2.28,2.3835022,-0.10350224494934102,-0.6282333334976004,0.18507496
302-492-01,2.67,2.3964865,0.273513479232788,0.5915230794030931,0.1282153
302-493-01,2.88,2.8177435,0.06225646018981923,-0.09195532009056794,0.16057059
302-494-01,2.23,2.1681056,0.061894397735595685,-0.09312669829068881,0.22157304
302-495-01,2.7,2.7615755,-0.06157546043395978,-0.4925878921943703,0.13050662
302-497-01,3.61,3.705466,-0.09546603202819837,-0.6022338283913786,0.19233511
302-499-01,2.91,2.8892267,0.020773324966430806,-0.2261654258513322,0.1797836
302-500-01,3.73,3.4756753,0.2543246555328369,0.5294416083588527,0.25373295
302-503-01,3.97,4.0251713,-0.05517127990722637,-0.47186849041397344,0.34897342
302-505-01,3.04,2.7246306,0.31536940574646,0.7269392742944456,0.1622051
302-511-01,2.92,2.7895844,0.1304156017303466,0.1285594878056199,0.117691025
302-515-01,3.82,3.7564683,0.06353170394897445,-0.08782953261415558,0.266897
302-516-02,3.41,3.0634947,0.3465053176879884,0.8276730788183227,0.18883559
302-517-01,3.59,3.7048242,-0.11482420921325698,-0.6648632076162528,0.21944197
302-520-01,3.08,3.1705115,-0.09051148414611809,-0.5862044132647258,0.29963413
302-524-01,3.15,2.7469366,0.4030634403228759,1.0106551890079802,0.21355194
302-525-02,2.75,2.6672785,0.08272147178649902,-0.025745007008033435,0.17049259
302-528-01,2.29,2.4009159,-0.1109158611297607,-0.6522185555953472,0.1583292
302-529-01,3.0,3.039185,-0.0391850471496582,-0.42014834010335356,0.22854985
302-530-01,3.03,2.9198425,0.11015751838684062,0.06301864829575039,0.20458299
302-538-01,2.81,2.7176285,0.0923715209960938,0.0054757316859428895,0.12018519
302-539-02,3.4,3.5239108,-0.12391076087951669,-0.6942608665338411,0.29939967
302-540-01,3.25,3.211126,0.038873910903930664,-0.16760472305194457,0.15260962
302-541-02,2.33,2.353863,-0.023863000869750906,-0.37057702779477264,0.1638456
302-542-04,4.53,4.408799,0.12120082855224634,0.09874699470126497,0.29798877
302-543-01,2.11,2.0590932,0.0509067630767821,-0.1286749181077048,0.18172558
302-548-01,2.62,2.5866668,0.03333317756652843,-0.1855306200026092,0.16460149
302-549-01,3.46,2.8406441,0.619355878829956,1.7104246469086049,0.23240593
302-553-02,4.9,4.2681327,0.6318673133850101,1.7509028061849068,0.24319291
302-554-02,3.41,3.4484932,-0.0384932422637938,-0.41791014845275415,0.23105875
302-555-02,5.73,4.6595316,1.0704684066772465,3.169905945666747,0.19247556
302-556-01,2.63,3.0076215,-0.37762152671813976,-1.5150895848185721,0.16841139
302-557-01,2.28,2.2340257,0.045974283218383594,-0.14463293670715893,0.16165644
302-558-01,2.21,2.4088237,-0.1988237285614014,-0.9366262822936875,0.1492687
302-560-01,2.41,2.6059158,-0.1959157848358153,-0.9272182317002207,0.15587032
302-561-01,2.1,1.9192593,0.18074069023132333,0.2913759049776732,0.21242017
302-562-01,2.26,2.2278783,0.03212166786193826,-0.18945020912497537,0.23913148
302-563-01,2.23,2.207025,0.022974948883056623,-0.2190425269406157,0.25991556
302-564-01,2.02,1.913055,0.10694505691528322,0.05262539350610234,0.3401812
302-565-01,2.51,2.7557278,-0.24572776794433615,-1.088374602479515,0.15440291
302-566-01,2.38,2.488754,-0.1087540340423585,-0.6452244110960388,0.13889995
302-567-01,2.15,2.1334426,0.01655735969543448,-0.239805309670555,0.24649091
302-568-01,2.13,1.8713923,0.25860774993896474,0.5432986746132292,0.23038465
302-569-01,2.52,2.2832892,0.23671080589294435,0.4724556401986793,0.253035
302-570-01,2.1,1.75335,0.34664998054504403,0.828141105577644,0.30885455
302-571-01,2.22,1.9390357,0.28096434593200703,0.6156288178514191,0.24829723
302-572-01,2.39,2.2294056,0.160594358444214,0.2261966145195366,0.13542897
302-573-01,2.07,2.0431464,0.026853628158569176,-0.20649386221275948,0.1723938
302-574-01,2.08,2.0112534,0.06874664306640632,-0.07095767549155622,0.1531536
302-577-01,2.69,3.0470374,-0.3570373630523682,-1.4484937798558242,0.29159355
302-578-01,2.54,2.5493877,-0.009387693405151332,-0.3237451638268784,0.07012462
302-579-01,3.08,3.1227417,-0.04274169921874993,-0.43165515239650726,0.24170925
302-580-01,2.69,2.795594,-0.10559397697448736,-0.6350006999178653,0.28143597
302-592-11,4.22,3.9781044,0.24189564704894995,0.48923012159101015,0.14517926
302-595-01,2.63,2.8520885,-0.22208845138549815,-1.0118944821031486,0.13244905
302-596-01,3.56,3.454195,0.10580497741699224,0.0489369020452389,0.17467222
302-597-01,3.32,3.2696316,0.05036837577819808,-0.13041675887972232,0.17143914
302-599-01,3.71,3.4275193,0.2824806785583496,0.6205345985030992,0.12592603
302-600-01,2.9,3.136626,-0.23662600517272958,-1.0589277311760656,0.13146369
302-601-03,3.55,3.3984823,0.15151767730712873,0.19683088965797577,0.14050332
302-602-02,3.7,3.421244,0.278756093978882,0.6084844752992142,0.1474416
302-603-01,3.29,3.3631063,-0.07310625076293942,-0.5298933798636108,0.12473341
302-604-01,2.73,2.9888027,-0.25880267143249513,-1.1306757489697215,0.14325209
302-605-01,2.23,2.4439092,-0.21390916824340822,-0.9854321028823944,0.170637
302-606-01,2.47,2.6777217,-0.20772173881530742,-0.9654139544598884,0.1580222
302-607-01,2.52,2.6022289,-0.08222887992858885,-0.5594077600700459,0.1555201
302-609-01,2.8,3.0805295,-0.28052945137023944,-1.2009682526000036,0.26683852
302-610-01,2.11,2.40628,-0.2962800407409669,-1.251926027460952,0.11362863
302-611-01,3.28,3.3455079,-0.06550786018371602,-0.5053103584078408,0.14294876
302-612-01,3.4,3.321805,0.07819499969482413,-0.040389471436178305,0.14763078
302-613-01,3.43,3.6050398,-0.17503983497619613,-0.859678412845443,0.15696485
302-614-01,2.93,3.1624677,-0.2324677181243895,-1.0454744533190272,0.22064611
302-615-01,3.18,3.2781916,-0.098191566467285,-0.6110517314586035,0.1680497
302-616-01,3.03,3.156987,-0.12698695182800313,-0.7042132462253331,0.11980619
304-082-04,2.66,3.0468931,-0.3868931198120116,-1.5450859070106746,0.20489556
304-100-03,3.27,3.308676,-0.03867600440979002,-0.4185014375829303,0.5174937
304-110-01,1.96,2.355675,-0.3956749820709229,-1.5734978063571936,0.18052782
304-457-02,2.89,2.9730453,-0.08304534912109363,-0.5620492773055775,0.2971741
304-457-05,3.21,3.0365593,0.17344065666198727,0.267758155930457,0.28583997
305-223-02,1.3,1.7478242,-0.4478241920471191,-1.7422157913541316,0.5335216
305-632-02,2.31,2.1946223,0.11537772178649908,0.07990753691489838,0.27757156
305-645-02,2.98,2.9859707,-0.005970735549926776,-0.31269030327547037,0.2153982
305-646-02,3.0,3.16696,-0.1669600009918213,-0.8335377808094879,0.2948257
305-683-02,2.34,2.4932568,-0.15325680732727065,-0.78920393137704,0.21437414
305-687-01,2.45,2.239497,0.2105030536651613,0.3876658773395893,0.21558045
305-712-02,1.67,1.6077464,0.0622536373138427,-0.0919644529220504,0.4174405
305-719-01,1.82,1.7968497,0.023150272369384828,-0.2184753040555627,0.9991724
305-727-02,1.92,1.9149215,0.005078477859496999,-0.2769428581446611,0.31854168
305-728-02,2.73,2.972635,-0.24263503074645998,-1.078368690819704,0.20780192
305-730-01,1.12,1.2750432,-0.15504324913024892,-0.7949835944141286,0.20783968
305-735-02,3.39,3.4363787,-0.04637871742248523,-0.44342197269947053,0.24010488
305-736-02,3.49,3.4113803,0.07861970901489279,-0.03901541225629596,0.29321015
305-743-02,2.51,2.6277812,-0.11778115272521994,-0.6744297868859269,0.20563625
305-744-02,1.78,1.8046746,-0.02467462539672849,-0.3732028711168145,0.26752907
305-747-02,4.51,4.5795407,-0.06954072952270529,-0.5183578732012727,0.31003678
305-748-02,4.01,4.114846,-0.10484622955322287,-0.6325815177622778,0.21556497
305-750-02,3.66,3.7124245,-0.0524245166778563,-0.462981905985666,0.32908234
305-752-02,2.58,2.4518535,0.1281464862823487,0.12121823400165277,0.1823452
305-756-02,3.21,3.1618392,0.048160753250122035,-0.1375590650573394,0.3582165
305-757-02,1.96,1.9944811,-0.03448108673095707,-0.40492964889574234,0.3006695
305-758-02,2.79,3.1384857,-0.34848567008972164,-1.4208265456708995,0.19964631
305-761-02,3.12,3.2103803,-0.09038031578063954,-0.5857800451423902,0.34234187
305-762-02,4.07,4.1807613,-0.11076133728027315,-0.6517186256341568,0.22268406
305-763-02,3.66,3.6552544,0.004745635986328267,-0.27801969919727276,0.29552993
305-764-02,3.63,3.5212708,0.1087292480468749,0.058397774961333554,0.22588561
305-765-02,2.72,2.7472155,-0.027215509414672656,-0.381423375930102,0.4942414
305-766-02,2.06,2.1597228,-0.0997228050231933,-0.616005737163012,0.22044179
305-779-02,3.46,3.5223022,-0.062302150726318395,-0.49493894836376473,0.2566568
305-780-02,3.56,3.4673088,0.092691240310669,0.006510117413825467,0.27124104
305-790-02,2.39,2.3160803,0.07391966819763196,-0.05422142240397739,0.2765405
305-791-02,1.59,1.7613118,-0.17131176948547355,-0.8476170278730064,0.30568844
305-794-02,2.53,2.6300895,-0.10008952140808125,-0.617192172193416,0.2217291
305-795-02,3.4,4.0073314,-0.6073313713073731,-2.258268285526516,0.42331088
305-796-02,4.53,4.7793264,-0.24932643890380835,-1.1000173582034518,0.31459945
305-810-02,1.95,2.0510569,-0.10105686187744145,-0.6203218022466985,0.33483812
305-811-02,3.8,3.9271882,-0.1271881580352785,-0.7048642073017497,0.246345
305-821-02,3.07,2.9037964,0.16620356559753402,0.24434404434197385,0.22817943
306-001-09,0.16,0.44737104,-0.28737103581428525,-1.2231027843045623,0.47600207
306-032-03,3.21,2.8204377,0.38956233024597164,0.9669751392347068,0.29943877
306-032-04,2.7,2.7031686,-0.0031686305999754083,-0.30362467215427913,0.2398352
306-033-01,2.61,2.3055286,0.30447135925292956,0.6916808984603594,0.25454843
306-043-03,1.89,1.8830569,0.006943120956420801,-0.2709101909921762,0.1668313
306-044-02,2.07,2.2103238,-0.14032381057739274,-0.7473618947937947,0.08818314
306-045-03,3.28,2.9289105,0.3510895061492918,0.8425042726252924,0.3341721
306-046-02,1.01,0.88088214,0.1291178560256958,0.12436089993771056,0.1826031
306-046-04,1.63,1.51173,0.11827004432678212,0.08926504839360581,0.3509718
306-046-05,0.96,1.1869237,-0.22692374229431156,-1.027538065953822,0.2560751
306-047-02,1.93,1.8625183,0.06748168945312494,-0.07505017132888238,0.07544302
306-048-01,3.38,3.147979,0.2320209789276122,0.4572826748568013,0.4963343
306-048-02,1.76,1.7545917,0.005408296585083017,-0.2758757978608997,0.28275013
306-049-02,1.81,1.792387,0.017612991333007866,-0.2363900318001578,0.29433942
306-050-04,0.47,0.41468847,0.05531153202056882,-0.11442419904768439,0.5853117
306-054-01,0.87,0.69350517,0.1764948320388794,0.2776393087926329,0.2764099
306-055-01,0.65,0.65735793,-0.007357931137084939,-0.31717828774098383,0.1200668
306-056-01,1.95,2.4123878,-0.46238784790039067,-1.7893334882641025,0.13432704
306-057-01,2.06,2.1312394,-0.07123941421508784,-0.5238536162542307,0.088498145
306-058-01,1.47,1.4022989,0.06770107269287107,-0.07434040222271639,0.27290678
306-059-01,3.14,2.9610798,0.1789201641082765,0.285485969171264,0.24442767
306-060-01,1.2,1.3529763,-0.1529763221740723,-0.7882964796651007,0.18247586
306-061-01,2.75,2.788409,-0.03840899467468262,-0.4176375827996565,0.18533121
306-062-01,2.83,2.753977,0.07602293968200691,-0.047416722449611114,0.16823478
306-063-01,2.89,2.6362147,0.2537852668762208,0.5276965278999922,0.13702616
306-064-01,3.97,3.4847317,0.48526832580566426,1.2766120969245311,0.2541916
306-065-01,3.91,3.501559,0.408440980911255,1.02805310956564,0.2872905
306-066-04,3.3,2.846111,0.45388894081115705,1.1750905856852811,0.168737
306-066-05,2.44,2.4529512,-0.012951192855835014,-0.3352741294072099,0.15843546
306-067-03,3.09,2.7735102,0.3164897823333739,0.730564021059893,0.18310218
306-068-02,3.37,2.7468278,0.6231721591949464,1.7227714328648724,0.17031607
306-068-04,2.53,2.3906744,0.13932564735412578,0.15738609792226385,0.15941255
306-069-02,4.03,3.3057718,0.7242281723022463,2.0497172660054,0.24633156
306-069-03,2.73,2.5909493,0.13905070304870604,0.15649657247752602,0.16028532
306-070-02,2.52,2.34241,0.1775899124145508,0.2811822148975826,0.14884068
306-072-02,1.89,1.6615264,0.22847355842590322,0.4458057293909283,0.17863707
306-073-02,1.83,1.3031677,0.526832299232483,1.411083737976046,0.12832958
306-074-02,2.6,2.5411093,0.058890676498413175,-0.10284461721719348,0.2986842
306-075-02,2.49,2.4884458,0.001554241180420135,-0.2883447971465665,0.3017067
306-076-01,3.56,3.216626,0.3433740711212159,0.8175425780587602,0.25287828
306-076-02,2.75,2.424145,0.325855016708374,0.7608633002531027,0.23283592
306-077-02,2.67,2.4079945,0.2620054912567138,0.5542913640314031,0.20816346
306-078-02,2.68,2.709967,-0.02996689796447738,-0.39032492462621055,0.12222868
306-078-04,3.11,2.706938,0.4030619716644286,1.0106504374672765,0.12471159
306-078-05,3.41,3.1215632,0.28843680381774917,0.6398044101189216,0.23723944
306-079-02,2.6,2.5198362,0.08016381263732919,-0.034019784289489624,0.12840597
306-079-03,3.28,2.9606407,0.31935933113098125,0.7398478528035319,0.2562509
306-079-04,2.98,2.8157027,0.1642973232269287,0.2381767913417631,0.16746728
306-080-01,3.99,3.4934373,0.4965627098083498,1.3131527408112662,0.34600198
306-081-01,3.75,3.2999446,0.4500553607940674,1.1626878302820234,0.22149725
306-085-01,3.27,2.856233,0.4137671184539795,1.0452847261986664,0.33760858
306-086-01,3.74,3.1892734,0.5507266426086428,1.488388944883126,0.45315528
306-087-02,2.05,1.9965773,0.053422737121581854,-0.12053500436141851,0.22457646
306-088-02,2.02,1.8901403,0.1298597049713135,0.1267609987950825,0.2328443
306-089-13,2.23,2.1293135,0.10068653106689451,0.03237722731770989,0.15261662
306-091-01,2.9,2.825394,0.07460608482360831,-0.052000663354013085,0.99917525
306-092-01,2.35,1.740417,0.6095829963684083,1.6788065066284954,0.08492712
306-092-02,3.04,2.6602046,0.3797953510284424,0.9353760976798936,0.23052621
306-093-01,3.51,3.138389,0.37161088943481424,0.9088969646500342,0.9991757
306-094-04,2.2,2.163404,0.03659601211547869,-0.17497439353765296,0.13259903
306-095-02,0.85,0.90052503,-0.05052503347396853,-0.45683652087164883,0.20921357
306-096-02,0.82,0.8301737,-0.010173671245575,-0.32628803259802674,0.20066725
306-097-02,0.88,0.6092875,0.2707124996185303,0.5824610890728317,0.13677664
306-098-02,0.84,0.59142786,0.2485721373558044,0.5108305253543317,0.122854434
306-099-01,2.23,1.8950272,0.33497283935546873,0.7903621299626888,0.108268656
306-099-02,2.92,2.848447,0.07155291557312005,-0.061878561102265126,0.23848559
306-100-01,2.55,2.3717773,0.17822270393371564,0.2832294810035385,0.11993056
306-100-02,3.33,3.208536,0.12146409034729011,0.09959872379949551,0.241773
306-101-01,2.67,2.5573409,0.11265913963317864,0.07111212653061405,0.11834554
306-101-02,3.4,3.250243,0.14975705146789542,0.19113474883312767,0.25560784
306-102-02,1.8,1.8515618,-0.05156178474426265,-0.4601907152179655,0.12245902
306-103-02,1.85,1.9462883,-0.0962883472442626,-0.6048942592272437,0.13251372
306-104-02,1.76,1.613333,0.14666701316833497,0.181137568900715,0.14463587
306-105-02,1.76,1.7747738,-0.014773836135864249,-0.34117091483723094,0.1316797
306-106-02,2.34,2.2074337,0.13256629943847642,0.1355176254997254,0.19163698
306-107-02,2.76,2.537904,0.22209597587585428,0.425172379863926,0.3512207
306-108-02,2.39,2.2373598,0.15264023780822766,0.2004627020261596,0.27232715
306-109-02,0.53,0.9974917,-0.467491717338562,-1.805846002407438,0.2875244
306-110-02,2.32,2.1602795,0.15972048759460433,0.2233693860924712,0.10657484
306-112-02,1.83,1.7236457,0.10635431289672859,0.05071416339341173,0.21626595
306-113-02,1.76,1.7547185,0.0052814579010009854,-0.2762861581944072,0.22045252
306-114-05,1.47,1.4616311,0.008368940353393528,-0.2662972471769853,0.18946257
306-115-03,3.67,3.5824702,0.08752982139587395,-0.010188586160529636,0.21100238
306-116-03,3.02,2.8276358,0.19236423492431642,0.3289814802111005,0.18443088
306-118-02,1.59,1.4179926,0.17200740814208992,0.2631211767243041,0.20185064
306-119-03,2.2,1.7799659,0.4200341224670412,1.0655603217356675,0.24960482
306-121-01,2.83,2.8398182,-0.009818239212036062,-0.32513810575293306,0.22699519
306-122-01,2.54,2.6614892,-0.1214892482757568,-0.6864265632464558,0.20161355
306-123-03,4.27,3.7399256,0.5300743770599361,1.421572810360859,0.3338689
306-124-05,3.09,2.9279335,0.16206654548645005,0.23095957126265976,0.20858683
306-127-01,2.79,2.2978354,0.49216464996337894,1.298923727653097,0.19888188
306-128-01,2.74,1.9185646,0.8214354419708254,2.364211285627611,0.18181211
306-129-02,2.29,1.6480787,0.6419213199615479,1.7834304654057023,0.18266407
306-130-02,1.93,1.5376029,0.3923970985412597,0.9761464458553156,0.20425929
306-132-01,2.22,2.120665,0.0993349266052248,0.02800439057886237,0.22948138
306-135-01,2.19,2.0374331,0.15256685256958002,0.20022527926177255,0.60820854
306-136-01,3.11,3.0490792,0.06092082023620593,-0.096276506964883,0.2668381
306-137-01,3.0,2.6646945,0.33530545234680176,0.7914382305154514,0.27014613
306-138-01,2.96,2.9864724,-0.02647236824035648,-0.3790190963339947,0.2900389
306-139-03,2.75,2.661383,0.08861708641052246,-0.006670965040039118,0.054970846
306-140-01,3.07,2.3619907,0.7080093097686766,1.9972444901597974,0.16206744
306-141-03,2.69,2.2168329,0.4731671237945556,1.2374611602126022,0.12936004
306-142-03,2.42,2.241075,0.17892496109008782,0.28550148881395165,0.15200134
306-143-01,2.27,1.9922209,0.2777791213989258,0.6053236825439124,0.23144129
306-144-03,3.13,2.8949244,0.23507559776306142,0.46716526243743633,0.17902717
306-145-01,2.52,2.2492368,0.2707631778717041,0.5826250480812721,0.18013151
306-146-01,3.05,2.7417622,0.308237838745117,0.703866563990944,0.51858944
306-147-01,3.19,2.6494508,0.5405492210388183,1.4554620019724098,0.3994423
306-148-01,3.49,3.4162242,0.07377575874328635,-0.054687011684625815,0.1381554
306-149-01,3.57,3.2513578,0.31864220619201644,0.7375277433570336,0.13695182
306-150-01,2.86,2.6081545,0.2518454647064208,0.521420699109283,0.188279
306-151-01,3.18,2.9628074,0.2171925830841066,0.40930846645373625,0.2150669
306-152-01,2.24,1.901658,0.3383419418334963,0.8012621643371399,0.30235073
306-153-02,2.37,2.079086,0.2909139347076417,0.6478186548698414,0.31330758
306-154-01,2.73,2.0781105,0.6518895435333252,1.8156805914535736,0.12885435
306-155-01,2.62,2.6522262,-0.03222620964050282,-0.3976344603532726,0.13685931
306-157-01,4.06,3.7780337,0.2819662666320797,0.6188703250903618,0.291336
306-158-01,3.14,2.9844642,0.15553583145141614,0.20983079648188957,0.12867442
306-159-01,3.37,2.6430657,0.7269343090057374,2.0584724117103437,0.16020815
306-160-01,2.91,2.438388,0.4716118907928468,1.232429525440593,0.6390704
306-161-01,3.39,3.058862,0.33113802909851087,0.7779553943727374,0.16553567
306-162-01,3.07,3.0216253,0.04837471961975082,-0.13686682111428913,0.20868361
306-163-01,3.04,2.7169344,0.32306555747985843,0.7518385817486213,0.22509798
306-164-01,3.07,3.1555097,-0.08550971031188981,-0.5700222083357038,0.20165662
306-165-01,3.58,2.9238343,0.6561656761169434,1.8295151341708484,0.2285092
306-166-01,2.51,2.3214934,0.18850661277770975,0.3165009414694374,0.3914641
306-166-02,2.06,1.7413955,0.31860452651977544,0.7374058385692382,0.2909239
306-166-03,2.88,2.629645,0.25035489082336415,0.5165982555448807,0.47720242
306-167-01,2.81,2.8916602,-0.08166021347045893,-0.5575679573387136,0.10691525
306-168-02,2.01,1.7961247,0.2138753032684324,0.39857609358697493,0.18361087
306-169-01,2.78,2.3475237,0.4324763107299803,1.1058144489532002,0.09242616
306-171-04,3.48,3.081016,0.39898393630981444,0.9974567973701237,0.23888025
306-172-01,1.77,1.543611,0.2263889503479004,0.43906141102849255,0.21463118
306-175-01,1.95,1.7609172,0.1890828132629394,0.31836511898749725,0.15879919
306-176-01,1.75,1.8135116,-0.06351161003112793,-0.4988519038416407,0.19096842
306-177-01,3.29,2.8581219,0.43187812805175785,1.1038791525953873,0.1598381
306-178-01,1.85,1.6679876,0.18201241493225107,0.2954903072688929,0.17892255
306-179-01,2.05,1.7031753,0.3468246936798094,0.8287063537964294,0.20063603
306-180-02,1.55,1.675806,-0.12580604553222652,-0.700392668103736,0.17294872
306-181-01,3.37,3.1189,0.2510999393463136,0.5190087059730722,0.18992603
306-182-01,2.06,2.0781105,-0.01811045646667475,-0.3519658599413107,0.12885435
306-183-01,1.99,2.2168329,-0.22683287620544434,-1.0272440875133966,0.12936004
306-185-01,2.91,2.721324,0.18867603302001967,0.317049065629195,0.13064931
306-186-01,3.62,3.140702,0.4792979907989503,1.257296312609692,0.24245729
306-187-01,2.41,2.2431989,0.16680112838745131,0.24627733517936168,0.24913655
306-188-01,2.42,2.0749028,0.34509722709655755,0.8231174928873412,0.22904138
306-189-01,2.24,2.013598,0.2264020347595217,0.43910374293658133,0.19745485
306-190-01,2.43,2.2178416,0.2121583747863771,0.39302132652514515,0.20489833
306-191-01,3.59,2.947232,0.6427679920196532,1.7861696977672652,0.17835373
306-192-02,2.34,2.1176748,0.22232517242431626,0.4259138979011582,0.2597082
306-193-04,1.57,1.5876081,-0.017608098983764586,-0.3503405861873377,0.18250991
306-195-02,2.05,2.1344457,-0.08444566726684588,-0.5665797170958219,0.26202175
306-196-01,2.96,2.881944,0.07805605888366696,-0.0408389856992511,0.05349644
306-197-04,2.02,2.152767,-0.13276694297790526,-0.7229132123524663,0.15113473
306-198-03,1.67,1.8963344,-0.2263344097137452,-1.0256314022568727,0.14665866
306-201-03,2.17,1.6924422,0.47755782127380364,1.2516663539589314,0.23929586
306-202-02,2.02,1.6929388,0.3270611953735352,0.7647656418997963,0.24252878
306-203-02,2.42,1.7891369,0.6308631134033202,1.7476539248016218,0.26508328
306-204-02,1.77,1.6908596,0.0791404438018799,-0.037330682535205696,0.21427682
306-207-01,2.06,1.6777937,0.38220625877380376,0.9431760911408981,0.16983356
306-208-01,2.22,2.1613543,0.058645696640014844,-0.10363719888991044,0.19526403
306-210-02,4.07,3.6302109,0.43978912353515653,1.1294735425753726,0.43423688
306-212-03,2.77,2.5314326,0.23856737136840822,0.4784621738772935,0.405232
306-214-01,2.04,2.2899263,-0.24992629051208493,-1.1019580540393388,0.2054883
306-215-01,2.2,2.3606942,-0.16069416999816877,-0.8132659803342178,0.1493873
306-218-01,2.2,2.1150064,0.08499355316162127,-0.018394157560176493,0.12499237
306-219-01,3.53,2.967356,0.5626440334320066,1.5269451985072313,0.11133705
306-222-03,1.8,1.8082135,-0.008213472366332963,-0.3199462144717324,0.2035286
306-223-01,2.25,2.3819616,-0.13196158409118652,-0.7203076402138167,0.18537265
306-223-01,2.72,2.3819616,0.33803841590881367,0.8002801689736404,0.18537265
306-224-01,2.16,2.1496282,0.010371837615966939,-0.2598172872609767,0.2111466
306-225-01,1.69,1.5966127,0.09338730812072749,0.00876210087412918,0.15744983
306-227-01,2.93,2.6784666,0.25153344154357926,0.5204112126888555,0.16613781
306-228-01,3.12,2.6683066,0.4516934108734132,1.1679874025830697,0.13081226
306-232-01,3.21,3.0784445,0.13155551910400387,0.13224745474575653,0.2953219
306-233-07,2.15,2.4046915,-0.2546914577484132,-1.1173747672484882,0.13358219
306-234-01,2.98,2.557746,0.42225406646728514,1.0727424914885393,0.36537385
306-238-08,0.53,0.47959575,0.050404249429702785,-0.13030069709855402,0.4257308
306-239-01,1.92,1.7609172,0.15908281326293938,0.22130632265638295,0.15879919
306-240-01,-0.33,0.13415793,-0.4641579258441925,-1.7950602094186912,0.21695809
306-241-01,-0.34,-0.2990455,-0.040954496860504175,-0.42587302874012517,0.75087124
306-242-03,2.66,2.8968747,-0.23687466621398912,-1.0597322225547021,0.15784766
306-243-05,2.54,2.356117,0.1838829898834229,0.30154216570915526,0.13308877
306-244-01,2.49,2.124877,0.3651230239868166,0.8879068176120051,0.19057545
306-245-01,3.19,2.7574008,0.43259924888610835,1.106212189935099,0.20258038
306-246-01,2.81,2.5290258,0.28097420692443853,0.6156607210532868,0.083644524
306-247-01,2.65,2.347858,0.30214204788208,0.6841448931958581,0.4859522
306-248-01,2.91,2.8223758,0.08762422561645522,-0.009883160826589807,0.99917746
306-249-01,3.2,2.5378373,0.6621627330780031,1.848917371843168,0.11084448
306-250-01,1.99,1.583988,0.40601204872131347,1.0201948017414524,0.17738543
306-251-02,2.56,2.356117,0.2038829898834229,0.36624802992989813,0.13308877
306-252-01,3.99,3.9562142,0.03378581047058127,-0.18406621984103502,0.11020971
306-253-01,2.24,1.8950891,0.34491085052490256,0.8225145100303694,0.17382438
306-257-01,2.27,1.7609172,0.5090828132629395,1.3536589465193827,0.15879919
306-258-01,2.35,2.2899263,0.06007370948791513,-0.09901715861782484,0.2054883
306-260-01,-0.45,0.27067432,-0.72067431807518,-2.6249659517233455,0.58085847
306-261-03,3.22,2.94195,0.27804991722106953,0.6061997864288713,0.13766824
306-262-03,3.18,3.336416,-0.15641600608825668,-0.7994248656807751,0.1953104
306-265-01,3.09,3.1157763,-0.025776300430297994,-0.376767112873691,0.14863612
306-266-01,3.04,3.0965338,-0.05653377532958981,-0.4762765626040151,0.21889135
306-268-01,3.11,2.9427488,0.16725121498107898,0.2477334972801041,0.11354681
306-269-01,2.69,2.8968747,-0.2068746662139893,-0.9626734262235884,0.15784766
306-274-04,3.2,3.1840553,0.015944671630859553,-0.24178753520635773,0.27579623
306-274-06,3.13,2.9588606,0.1711393642425536,0.260312800189252,0.24542189
306-275-01,1.42,1.1195261,0.3004738521575927,0.6787477908937433,0.1748441
306-277-02,2.95,2.792083,0.15791697502136248,0.21753449410824172,0.13164559
306-278-02,2.89,3.015794,-0.12579403877258288,-0.7003538227157744,0.24603042
306-279-06,2.92,2.6124253,0.30757467269897454,0.701721027384069,0.21467428
306-282-06,2.74,3.0972853,-0.35728527069091776,-1.4492958337557877,0.46123263
306-283-06,3.19,3.0408046,0.14919537544250483,0.18931756220137916,0.20583147
306-285-02,0.89,0.78215593,0.10784406900405885,0.055533961213558455,0.34074223
306-286-04,3.14,3.623944,-0.48394404411315906,-1.8590741035270566,0.18522649
306-286-06,3.08,3.3397262,-0.25972620964050286,-1.1336636658642223,0.16043155
306-287-07,3.7,2.9939406,0.7060594081878664,1.9909359868132117,0.16598889
306-288-09,3.58,3.5423856,0.03761442184448249,-0.1716795394553528,0.15400589
306-289-01,1.34,1.57729,-0.23729005813598625,-1.061076137219859,0.27901864
306-292-06,3.64,3.4612858,0.17871417045593274,0.2848195193063195,0.23523232
306-293-01,3.05,2.962164,0.08783607482910138,-0.009197766507152106,0.18807204
306-295-07,2.0,1.7939255,0.20607447624206543,0.3733381308680948,0.4896857
306-296-02,3.55,3.102359,0.4476409435272215,1.154876482489986,0.19689997
306-296-03,2.87,2.843714,0.026286001205444443,-0.20833030184060564,0.22029324
306-297-04,3.44,3.2353218,0.20467823982238764,0.3688208966585085,0.30755526
306-300-04,2.48,2.398656,0.08134410858154295,-0.030201180834160173,0.13884516
306-301-01,3.16,2.9145331,0.24546686172485366,0.5007840481871176,0.08385714
306-302-01,3.39,3.2620208,0.12797917366027844,0.12067692861134804,0.110614665
306-304-01,2.99,2.6621346,0.32786535263061545,0.7673673264142344,0.14649017
306-305-01,3.05,2.7145388,0.3354611873626707,0.791942078955013,0.15509406
306-306-01,2.85,3.041155,-0.19115509986877433,-0.9118160199464664,0.18409076
306-307-01,2.58,2.6923873,-0.11238734245300286,-0.6569792291306006,0.14709762
306-308-01,3.39,3.0787497,0.31125034332275403,0.7136128995991915,0.098898016
306-309-01,3.64,3.2519372,0.38806284904479993,0.9621238778844782,0.1509029
306-312-05,2.92,2.8085573,0.11144272804260247,0.06717667836979606,0.44445622
306-313-01,3.41,3.359071,0.050928983688354634,-0.1286030279139391,0.12251863
306-317-01,3.58,3.102359,0.47764094352722175,1.2519352788211011,0.19689997
306-319-01,3.45,2.7193594,0.7306406021118166,2.0704633566345554,0.07495072
306-320-01,3.28,3.039171,0.2408290195465086,0.4857792688736562,0.13591628
306-321-01,3.04,2.8572261,0.18277386665344242,0.2979538268529959,0.15057772
306-324-01,3.03,3.173031,-0.14303109169006367,-0.756120742997988,0.13829069
306-326-01,3.11,3.066589,0.04341088294982898,-0.15292628819318446,0.21694417
306-327-01,3.58,3.4729202,0.10707982063293464,0.053061393646914104,0.15820736
306-329-01,3.49,3.4436715,0.04632853507995627,-0.1434868280644156,0.30040395
306-331-01,3.48,2.7753644,0.7046356010437012,1.9863295532258678,0.075187124
306-332-01,3.31,2.8776107,0.43238931655883794,1.1055329973019037,0.2011379
306-333-01,3.28,3.3452175,-0.06521746635437031,-0.5043708492232316,0.3209023
306-334-01,1.81,2.0681634,-0.25816339492797846,-1.1286075020346833,0.15559788
306-335-01,2.03,1.8073561,0.22264388084411602,0.4269450130880367,0.21925989
306-336-01,3.19,2.6060097,0.5839902782440185,1.59600655942867,0.1365947
306-337-01,3.73,3.5705512,0.15944884300231932,0.22249053618723655,0.1049277
306-338-01,2.7,2.2884374,0.4115626335144045,1.0381525710398258,0.19599704
306-339-01,2.65,2.548868,0.10113205909728995,0.03381864112977499,0.1630584
306-340-01,3.63,3.3871148,0.2428852367401122,0.4924317344005397,0.085499845
306-342-01,3.65,3.097843,0.5521570682525634,1.4930167912577956,0.14991942
306-343-01,3.53,3.4021327,0.1278672504425047,0.12031482418472716,0.1605452
306-344-01,3.27,3.0826004,0.1873996448516846,0.3129195756535324,0.2731907
306-345-01,2.62,2.1275554,0.49244462966918956,1.2998295440945342,0.22938085
306-346-01,2.7,2.820925,-0.12092499732971174,-0.6846010459913949,0.12978625
306-347-01,3.67,3.1230652,0.5469347667694091,1.4761211147233575,0.09366763
306-348-01,3.27,2.9918828,0.2781171989440918,0.6064174625305921,0.24134819
306-349-01,3.23,3.0761592,0.15384076118469237,0.20434674715572723,0.1963958
306-350-01,3.68,3.3729951,0.3070048618316652,0.6998775221534879,0.16162823
306-351-01,3.16,2.9704902,0.18950978279113784,0.3197464906033974,0.15212198
306-352-01,3.15,2.963175,0.18682494163513175,0.31106024223865775,0.13470908
306-355-01,3.25,3.2910044,-0.04100441932678223,-0.4260345425563528,0.32206297
306-356-01,2.91,3.0136817,-0.10368165016174302,-0.6288137619633093,0.31235746
306-358-01,2.98,2.7437599,0.23624012947082518,0.4709328639656019,0.16965875
306-359-01,3.3,3.0551274,0.24487261772155744,0.49886149459755386,0.16675203
306-360-03,2.49,2.5407507,-0.05075074195861795,-0.4575667539997086,0.367877
306-362-04,3.3,2.9642003,0.33579974174499494,0.7930374016497134,0.2459719
306-364-03,3.02,2.9830394,0.03696062088012697,-0.17379477727670176,0.24714284
306-366-03,2.7,2.5212104,0.17878956794738787,0.2850634522985535,0.2790064
306-367-05,3.69,3.578318,0.11168188095092768,0.06795040815050041,0.14682831
306-369-01,1.95,1.9421034,0.007896614074706987,-0.2678253611798143,0.5687363
306-370-01,2.68,2.4278066,0.2521933841705324,0.522546320589511,0.17916894
306-371-01,3.54,2.9838974,0.5561025524139405,1.5057815893793536,0.21906716
306-372-01,2.8,2.5727527,0.22724728584289533,0.44183837802824183,0.14296801
306-373-01,3.27,3.177263,0.0927369785308838,0.006658093967171357,0.17457335
306-375-01,2.75,2.6140287,0.1359713077545166,0.14653382578813523,0.33163834
306-376-03,3.04,3.213861,-0.17386098861694332,-0.8558644992224965,0.20282726
306-377-04,2.31,2.30183,0.00816994667053228,-0.2669410500881856,0.1853133
306-378-01,3.37,3.4300716,-0.06007159233093251,-0.48772243793035086,0.18662174
306-379-01,2.25,2.3231566,-0.07315659523010254,-0.5300562589764369,0.23691274
306-382-01,3.76,3.3431432,0.41685677528381326,1.0552806719646621,0.16734421
306-383-03,3.49,2.8421776,0.647822370529175,1.8025220942451332,0.1037452
306-384-03,3.75,3.4211462,0.3288538455963135,0.7705653909953152,0.09500547
306-387-01,3.57,3.3160179,0.2539821338653563,0.5283334503334195,0.18634905
306-392-01,2.69,2.988047,-0.2980468845367432,-1.2576422851983902,0.33878937
306-396-01,3.01,3.024569,-0.014569034576416229,-0.34050832174233897,0.2499464
306-398-01,3.31,3.3146467,-0.0046467208862304155,-0.3084067276226999,0.19717014
306-399-02,2.6,2.6498199,-0.04981985092163077,-0.4545550485475286,0.16779928
306-401-01,3.31,3.427044,-0.11704391479492182,-0.6720446060151143,0.18018407
306-402-01,3.77,3.660312,0.1096880626678467,0.06149982139520678,0.21372715
306-403-01,3.2,3.1277335,0.07226653099060076,-0.05956980598679832,0.26824763
306-404-01,3.93,3.5045154,0.42548459053039567,1.083194184058013,0.28217942
306-407-01,5.7,4.823679,0.8763210296630861,2.5417822548721656,0.22233182
306-408-01,3.31,2.4979756,0.8120244121551514,2.333763844756093,0.22931108
306-409-01,5.82,4.823679,0.9963210296630862,2.930017440196623,0.22233182
306-410-01,3.29,2.9010022,0.3889978313446045,0.9651488197714758,0.18227422
306-411-01,3.45,3.1711864,0.2788135528564455,0.6086703716157091,0.14659005
306-412-01,3.85,3.5760465,0.2739535331726075,0.5929467829270813,0.14331935
306-416-01,2.54,2.7400122,-0.2000121688842773,-0.9404712352020107,0.1567089
306-417-01,2.97,3.171869,-0.20186903953552227,-0.9464787562137575,0.16710794
306-421-01,2.84,3.0199323,-0.17993227005004897,-0.8755068748253191,0.1699505
306-422-01,3.41,3.451503,-0.04150303840637193,-0.42764772147944297,0.17713101
306-423-01,3.42,3.061968,0.3580319118499755,0.86496499065698,0.20480506
306-428-02,2.58,2.4749167,0.10508330345153816,0.04660207516422305,0.28511027
306-431-02,3.44,3.216964,0.22303599357604975,0.42821361274762315,0.20181179
306-432-01,3.28,3.410988,-0.13098809242248555,-0.7171581092270672,0.28644294
306-435-01,3.63,3.5368407,0.09315932273864735,0.008024501315269623,0.22438204
306-439-01,2.33,2.2131245,0.11687548637390144,0.08475324451625309,0.3392687
306-440-01,2.72,2.4993827,0.22061726570129414,0.42038831887508,0.2992134
306-602-01,-0.1,0.10203341,-0.20203340649604798,-0.9470105315252654,0.1586117
306-610-01,2.98,2.389394,0.5906059551239013,1.6174102139245705,0.3575471
306-611-01,2.51,2.4806013,0.029398689270019318,-0.1982598432772102,0.1308457
306-612-01,3.26,2.872234,0.387765893936157,0.9611631410375029,0.5185897
306-612-02,2.47,2.473498,-0.003498106002807422,-0.3046906216882653,0.22163577
306-619-01,2.91,2.767185,0.14281502723693862,0.16867526496785779,0.2232807
306-622-01,1.1,1.4642053,-0.3642052650451659,-1.4716840445105022,0.3989408
306-656-01,0.88,0.9162465,-0.03624647378921508,-0.4106411936601774,0.9991715
306-664-01,0.77,1.4796886,-0.7096886444091797,-2.5894240762930654,0.16776873
306-669-01,1.89,1.3181846,0.5718153858184813,1.5566172126192224,0.5335212
306-670-01,2.81,2.4071531,0.40284687042236333,1.009954521879137,0.42492217
306-900-OE-01,3.31,3.3713248,-0.06132477760314936,-0.49177685973372576,0.2796498
307-002-07,0.93,1.4766483,-0.5466483306884765,-2.0619408561871087,0.09942128
307-003-09,3.11,3.0461497,0.06385026931762683,-0.08679888023968299,0.26311168
307-004-07,0.84,0.83899224,0.0010077619552611994,-0.29011281767369607,0.157551
307-004-09,2.61,2.7410371,-0.13103713035583509,-0.7173167613199163,0.24613315
307-007-06,3.85,3.8391407,0.010859346389770597,-0.25824005343476863,0.24291648
307-008-06,4.65,4.412779,0.23722114562988317,0.47410673888491994,0.20321439
307-010-01,3.99,3.9249425,0.06505750656127951,-0.08289311378118228,0.2203623
307-011-03,2.23,3.2754283,-1.045428295135498,-3.6756402889639044,0.15491228
307-012-03,3.81,3.8402922,-0.030292215347289986,-0.39137742174625656,0.14381863
307-013-03,3.15,3.7750013,-0.6250012874603272,-2.315435645295764,0.09770997
307-014-03,4.31,4.173001,0.13699918746948203,0.14985931805172567,0.08300184
307-015-03,3.75,3.6854599,0.06454014778137207,-0.08456692112948727,0.13371752
307-016-03,3.25,3.5801642,-0.33016419410705566,-1.3615511988080002,0.19758889
307-017-02,5.4,5.1899943,0.2100056648254398,0.38605667860319265,0.20103885
307-018-01,3.25,3.0967488,0.15325117111206055,0.2024392503964466,0.25446925
307-020-01,3.05,2.9216037,0.1283963203430174,0.12202652044202004,0.13205259
307-021-03,2.97,3.3903518,-0.4203517723083494,-1.6533344582825273,0.332917
307-022-03,2.54,3.1074116,-0.5674116230010986,-2.1291161948449147,0.15997274
307-026-01,4.89,4.454407,0.4355927848815915,1.1158971566182807,0.10832021
307-027-03,2.86,3.2272096,-0.36720956802368176,-1.4814038455407932,0.09547176
307-028-03,5.29,5.1017666,0.1882334136962891,0.31561706233605563,0.12884603
307-029-03,3.95,3.8167202,0.13327975273132342,0.1378258560944654,0.35522577
307-030-01,4.1,4.2963014,-0.196301364898682,-0.9284656962599246,0.1926964
307-031-01,4.93,4.5916553,0.33834474563598604,0.8012712354603,0.24362125
307-032-02,3.94,4.156101,-0.21610122680664068,-0.9925240550702162,0.1264476
307-034-01,3.9,3.532972,0.3670279026031493,0.894069658467276,0.15201467
307-035-01,3.6,3.4670599,0.13294014930725107,0.13672713944211914,0.20787492
307-036-01,3.5,3.8175561,-0.31755614280700684,-1.3207604560325443,0.14598611
307-037-01,3.36,3.6487405,-0.2887405300140382,-1.2275334995915779,0.14032176
307-038-01,2.78,2.9589145,-0.17891451835632344,-0.8722141496800874,0.23609033
307-039-01,3.5,3.5957408,-0.09574079513549805,-0.6031227676070687,0.20645839
307-040-01,5.06,4.1307983,0.9292016601562496,2.712866599702061,0.2999687
307-041-01,3.12,3.564913,-0.4449130344390868,-1.7327973429086057,0.14537854
307-042-03,4.49,4.190784,0.2992160224914553,0.6746783431142478,0.2903462
307-043-01,5.71,5.262312,0.4476880645751953,1.1550289328965926,0.45450827
307-044-01,5.82,5.21964,0.6003602218627933,1.6489681268835528,0.1707307
307-045-01,1.9,3.6563656,-1.7563656330108643,-5.975731031664895,0.12021575
307-046-01,2.44,2.4757488,-0.03574877738952642,-0.409030999877107,0.2835657
307-047-01,5.13,4.489143,0.6408571052551268,1.7799874187909324,0.11751256
307-048-01,4.88,4.7774,0.10259998321533192,0.03856780606319388,0.38351297
307-049-01,3.83,3.838577,-0.008577032089233327,-0.32112243677503843,0.25312606
307-050-01,2.91,3.4106424,-0.5006423854827879,-1.9130981339957975,0.21130477
307-051-01,3.96,3.8162673,0.14373274803161618,0.1716443608245057,0.09929154
307-058-01,4.76,3.777865,0.9821350669860838,2.8841216914556904,0.15985167
307-059-01,4.96,4.6460137,0.31398626327514645,0.7224644028471077,0.24770722
307-060-01,5.26,4.3915534,0.8684465980529783,2.5163061597432077,0.14647697
307-061-01,4.91,4.1686516,0.7413484191894533,2.105106284530861,0.09375116
307-062-01,4.81,4.204292,0.6057081794738766,1.666270337835605,0.11201193
307-063-01,3.95,4.059682,-0.10968189239501935,-0.6482263049252065,0.25236225
307-064-01,3.85,4.280328,-0.43032779693603507,-1.685609823033618,0.33562347
307-066-01,4.31,4.385475,-0.07547515869140664,-0.5375574916021529,0.42590415
307-067-01,5.07,5.173556,-0.10355585098266573,-0.6284067647332865,0.38510552
307-068-01,3.31,3.3222535,-0.012253465652465767,-0.33301677732299345,0.26141617
307-069-01,4.06,4.471579,-0.41157907485961953,-1.6249522097841687,0.13756731
307-071-04,5.3,4.7276535,0.5723464965820311,1.5583355116668434,0.082330234
307-072-01,1.91,2.0110557,-0.10105570793151863,-0.6203180688932886,0.09360107
307-074-01,5.47,4.5334272,0.9365727615356443,2.7367142739526833,0.11805401
307-076-01,5.06,4.6830397,0.37696033477783164,0.9262039888511127,0.12381036
307-077-01,5.26,4.6559906,0.6040093994140623,1.6607742862410426,0.09740414
307-078-02,4.99,4.875714,0.11428617477417014,0.07637606227638269,0.09855129
307-081-03,4.12,3.6003478,0.5196522426605226,1.3878541496939196,0.17870219
307-085-02,4.31,4.200995,0.10900503158569297,0.059290015572187466,0.17971939
307-101-07,2.24,2.1570215,0.08297847747802756,-0.024913518239033264,0.23361309
307-109-06,2.33,2.470394,-0.1403938961029052,-0.7475886420186771,0.9991724
307-112-04,2.45,2.1613312,0.2886688232421877,0.6405550609876363,0.43434548
307-117-01,3.66,3.4510448,0.20895520210266127,0.38265812368773966,0.4384937
307-120-04,4.08,3.7452219,0.3347781467437745,0.7897322422778353,0.42436495
307-121-01,2.62,2.5949166,0.02508341789245616,-0.2122210114688232,0.40386435
307-122-01,5.02,4.4099646,0.6100354385375972,1.6802702897068593,0.43920964
307-125-02,0.72,0.948264,-0.22826400279998782,-1.0318742016688578,0.35441253
307-125-02,0.72,0.948264,-0.22826400279998782,-1.0318742016688578,0.35441253
307-132-02,4.19,4.3108563,-0.12085634231567344,-0.6843789268905732,0.38855875
307-138-07,1.73,2.1669996,-0.43699957847595217,-1.7071949925552348,0.22637704
307-139-10,2.66,2.5895042,0.07049575805664077,-0.06529877563832742,0.29812464
307-141-11,2.98,2.7660987,0.21390126228332518,0.3986600786116227,0.24335392
307-142-01,3.78,3.7047791,0.07522085189819316,-0.050011711611239545,0.64367646
307-144-04,3.18,2.643586,0.5364140796661379,1.442083607162698,0.28910005
307-149-04,2.52,2.6383874,-0.11838744163513182,-0.676391309280092,0.30626935
307-151-01,5.05,4.2133446,0.8366554260253904,2.4134523967114387,0.40281832
307-156-01,2.6,2.200094,0.39990601539611825,1.0004399935780819,0.3891471
307-158-03,3.23,3.313059,-0.08305909156799318,-0.5620937381507347,0.25926727
307-159-03,5.56,5.622027,-0.062026920318603906,-0.49404849729421507,0.22953627
307-165-01,2.21,2.3157663,-0.10576633453369144,-0.6355583271590292,0.11182033
307-166-01,2.14,2.0842848,0.055715217590332156,-0.11311815786443541,0.10292057
307-167-04,1.54,1.2860132,0.25398675441741947,0.5283483991741408,0.9991743
307-174-01,3.06,3.2487752,-0.18877524375915522,-0.9041164876317704,0.10136711
307-175-01,3.32,3.2202687,0.09973127365112289,0.02928668948567106,0.1412214
307-176-01,4.03,4.300886,-0.27088615417480444,-1.1697693586515994,0.28871596
307-177-01,1.83,2.1992624,-0.3692623805999755,-1.488045296132408,0.11731636
307-178-01,1.99,2.2211213,-0.23112131118774415,-1.0411184320976052,0.15429409
307-187-03,3.85,3.5568354,0.2931645870208741,0.6551001750192471,0.39493012
307-188-01,1.86,1.6873903,0.17260967254638682,0.26506967866277514,0.15304331
307-192-01,2.27,2.2843533,-0.01435325622558592,-0.33981021550880885,0.3281563
307-194-04,3.42,3.1353118,0.28468815803527825,0.6276764418683104,0.20960674
307-195-05,4.12,3.6327848,0.4872151565551759,1.2829106652314644,0.26739568
307-196-04,3.2,3.0134156,0.18658442497253436,0.3102821003130151,0.24015334
307-197-03,1.61,1.8740695,-0.2640694522857665,-1.1477153293083309,0.306422
307-200-08,2.44,2.8410664,-0.40106636047363287,-1.5909404963016134,0.41904795
307-204-03,0.88,1.0032923,-0.12329232215881347,-0.6922600359393074,0.32763496
307-205-02,2.71,2.80605,-0.09605006217956547,-0.6041233371751376,0.36250743
307-206-05,2.51,2.8325036,-0.3225035572052004,-1.3367667922472073,0.35754317
307-207-03,2.78,2.791994,-0.011994094848633008,-0.33217763672221207,0.40269765
307-209-04,3.93,3.4429743,0.4870256710052492,1.282297623918197,0.3600949
307-210-04,2.58,2.7067778,-0.12677781105041497,-0.7035366144874512,0.32887322
307-211-03,4.29,4.4118834,-0.12188335418701168,-0.6877016114255684,0.27345058
307-214-03,2.7,2.4681232,0.23187680244445819,0.4568162216596619,0.45467153
307-215-01,5.21,4.057214,1.1527862167358398,3.436228197696759,0.13970768
307-216-03,5.37,4.8191075,0.5508924674987794,1.488925437024406,0.15582876
307-217-03,5.06,4.532054,0.5279460525512691,1.4146870565270848,0.13608724
307-218-03,2.67,2.7565286,-0.08652861595153816,-0.5733186668343456,0.30354017
307-219-01,4.28,3.74262,0.53738000869751,1.44520867080024,0.1353676
307-221-01,4.28,4.497246,-0.2172457885742185,-0.9962270479864734,0.16821977
307-222-01,2.65,3.3165672,-0.6665671825408936,-2.4499135034606025,0.1512026
307-223-02,5.19,5.18802,0.0019797706604007814,-0.286968084508889,0.23897715
307-225-01,4.68,3.80491,0.875090055465698,2.537799692408394,0.109108806
307-226-02,2.31,2.7019372,-0.39193719863891596,-1.5614049809952943,0.19895124
307-230-02,5.45,5.0274124,0.4225875854492189,1.0738215231865418,0.21296102
307-232-01,4.73,4.570213,0.15978715896606488,0.22358508752792805,0.25378487
307-233-01,5.04,5.193961,-0.1539611434936523,-0.7914826653944226,0.2991946
307-234-01,4.97,4.972675,-0.0026748466491701706,-0.30202713629051986,0.16311282
307-235-01,4.31,3.5362809,0.7737191295623775,2.209835024036832,0.10324536
307-236-01,3.77,3.647865,0.12213494300842287,0.10176912885966453,0.1736606
307-239-01,4.22,3.296703,0.923296899795532,2.69376296859423,0.12639149
307-240-01,4.28,3.6093915,0.6706085491180422,1.8762420631391752,0.124645956
307-241-01,4.59,4.113639,0.4763611221313475,1.247794681347689,0.25160417
307-242-01,4.61,4.4581695,0.15183053970336946,0.1978430912445222,0.15288605
307-243-01,3.33,3.5424254,-0.21242539405822747,-0.9806316583343669,0.16232601
307-244-01,3.31,3.4703188,-0.16031879425048823,-0.812051529726159,0.19050261
307-246-01,4.73,4.8393927,-0.10939266204833942,-0.647290559948167,0.114541575
307-247-01,3.9,3.6313877,0.26861228942871085,0.5756662933039578,0.1462016
307-248-01,3.57,3.4515088,0.11849123954772933,0.08998067979025019,0.19541107
307-249-01,3.6,3.6790729,-0.07907285690307608,-0.5491971002017275,0.106977925
307-254-01,3.51,3.482829,0.027170906066894318,-0.2054673751499431,0.10486784
307-255-01,2.79,3.041892,-0.2518920516967773,-1.1083178678546943,0.11190995
307-257-01,2.7,2.3676054,0.33239455223083514,0.7820206151322573,0.11582955
307-258-01,2.3,2.5460546,-0.2460546016693117,-1.0894320054110664,0.13179111
307-259-01,2.58,2.4599938,0.12000616073608406,0.09488189402619054,0.14500417
307-260-01,2.82,2.5482416,0.2717583847045897,0.5858448339912846,0.13703565
307-261-01,2.52,2.5602844,-0.04028437614440916,-0.4237049917367676,0.18602018
307-262-01,2.48,2.636257,-0.1562569332122803,-0.7989102182850686,0.21201363
307-263-01,3.15,2.6200676,0.529932403564453,1.4211134844747755,0.19263273
307-264-01,3.29,3.1084163,0.18158368110656742,0.29410322763331664,0.25438976
307-265-01,3.09,2.9247327,0.16526731491088853,0.24131499885164084,0.1621282
307-268-04,1.28,1.4881103,-0.20811030387878415,-0.9666710763718009,0.2886525
307-269-02,5.86,5.5456533,0.3143466567993167,0.7236303815691576,0.27529895
307-270-06,0.5,0.881604,-0.38160401582717896,-1.527974104796076,0.3687949
307-272-01,3.0,3.286587,-0.2865869998931885,-1.2205661982118288,0.08864212
307-273-02,4.67,4.266988,0.4030121994018554,1.0104894096040753,0.16527373
307-274-02,4.48,4.4856434,-0.005643386840819886,-0.3116312342192551,0.2573884
307-275-02,4.69,4.5934916,0.09650844573974648,0.018859896223653975,0.21373451
307-276-02,5.72,5.493581,0.22641918182373022,0.4391592187170044,0.14938018
307-277-02,5.47,5.2534466,0.21655342102050756,0.4072405897686218,0.21422386
307-289-03,4.23,3.838765,0.391235094070435,0.9723870206796617,0.19169822
307-292-04,2.68,2.9190457,-0.2390456867218016,-1.0667561104646501,0.3775106
307-293-01,4.41,4.483714,-0.07371410369873033,-0.5318599623400841,0.15733325
307-297-01,2.57,2.823238,-0.25323789596557633,-1.112672068680653,0.26146024
307-298-01,2.57,2.4560099,0.11399013519287093,0.0754182874288071,0.27837378
307-300-14,4.62,4.5693197,0.05068027496337901,-0.12940767356337843,0.5812295
307-301-19,2.56,2.5805533,-0.02055329322814936,-0.35986915313138146,0.4236637
307-302-05,2.19,2.0409098,0.14909023284912104,0.18897739508281375,0.43562207
307-304-01,2.32,2.325015,-0.005015068054199379,-0.30959843871453463,0.5792792
307-305-01,5.23,5.173498,0.05650184631347699,-0.11057318329683812,0.17101552
307-306-01,4.88,4.3616805,0.5183194923400878,1.3835423116302095,0.33470583
307-307-02,4.99,4.611944,0.3780558013916018,0.929748144549561,0.25599837
307-309-02,4.9,4.6643705,0.23562946319580114,0.46895717951180727,0.19395751
307-310-03,3.89,4.340356,-0.45035587310791003,-1.75040652190262,0.27957216
307-311-02,3.93,4.0699043,-0.13990432739257797,-0.7460047436938192,0.29715517
307-313-01,4.36,3.8206193,0.5393806552886966,1.4516813491343905,0.24817795
307-315-01,1.5,1.4534488,0.04655122756958008,-0.14276635256458672,0.36258373
307-334-02,4.51,4.249436,0.2605640983581541,0.5496280353722558,0.20074768
307-335-02,5.32,5.2472043,0.0727956962585452,-0.057857801187901015,0.19381578
307-343-02,4.19,4.2188044,-0.028804359436034765,-0.38656377161757105,0.25987932
307-357-01,3.32,3.4338105,-0.11381047248840348,-0.6615834720725553,0.2718554
307-500-05,3.18,3.2560709,-0.07607085227966293,-0.5394847350240968,0.3656003
307-501-05,3.29,3.6342087,-0.3442086791992187,-1.4069892260791876,0.2612789
307-503-06,2.81,2.7076204,0.10237961769104009,0.03785485897850587,0.3048422
307-504-10,3.35,3.0847638,0.2652362346649171,0.5647437662465662,0.3832945
307-507-01,4.43,3.5126057,0.9173943328857419,2.674666433943294,0.21722418
307-508-05,2.77,2.6261392,0.14386083602905275,0.1720587630530276,0.21099982
307-509-03,4.89,4.3619995,0.5280004882812497,1.4148631720747287,0.3263721
307-510-01,2.21,2.2532463,-0.04324630737304691,-0.43328770773233827,0.30226213
307-512-01,2.36,1.8233924,0.5366076087951659,1.4427097306399803,0.28715864
307-513-08,2.14,1.9270608,0.21293915748596204,0.39554738749240753,0.25379843
307-523-01,4.17,4.01931,0.15069000244140618,0.19415311878395752,0.30614418
307-524-01,3.26,3.2897043,-0.02970432281494162,-0.38947541702753047,0.26424497
307-525-01,4.01,3.4589765,0.5510234928131101,1.4893493423343342,0.2990941
307-526-01,2.72,2.5766478,0.14335224151611348,0.17041331067814441,0.23352145
307-528-05,2.96,2.5363128,0.4236871814727783,1.0773790387364468,0.3323995
307-600-05,3.84,3.3445668,0.4954331779479979,1.3094983740518196,0.20451
307-602-06,3.79,3.7085757,0.08142427444458011,-0.02994182076171911,0.27398175
307-603-02,2.97,3.1223967,-0.15239670753478984,-0.7864212563576125,0.1750323
307-604-01,1.99,2.2528222,-0.2628221607208252,-1.1436799753760925,0.39455533
307-606-01,2.42,2.5725114,-0.15251143455505378,-0.7867924319073949,0.2014018
307-608-02,3.03,2.9077766,0.1222234058380125,0.10205533205166499,0.1897869
307-611-04,2.57,2.4043918,0.16560823440551742,0.24241797337812387,0.20652562
307-612-02,2.39,2.7623675,-0.3723674869537352,-1.498091225638275,0.21633677
307-614-01,3.81,3.4497902,0.3602097606658936,0.872010970145785,0.21644229
307-615-02,2.38,2.58794,-0.20793997764587413,-0.9661200210668056,0.20885156
307-617-01,1.92,1.8718841,0.04811589241027825,-0.1377042030279274,0.21559319
307-900-OE,1.09,1.1555676,-0.06556764602661125,-0.5055037831394759,0.40568385
307-901-OE,1.19,1.4474733,-0.2574732875823975,-1.1263748024246383,0.3878757
307-902-OE,1.86,2.0981872,-0.23818720817565908,-1.0639786806524942,0.44696262
307-903-02,2.11,1.9371338,0.17286621093749988,0.2658996555779136,0.74165875
307-905-OE,2.95,2.7034063,0.24659366607666033,0.5044295906566849,0.6026408
307-906-OE,4.04,4.211717,-0.17171712875366207,-0.8489284839614077,0.39884213
307-907-OE,3.31,3.3945754,-0.08457535743713374,-0.5669993028232925,0.6965565
307-909-OE,2.96,2.9275982,0.03240176200866696,-0.1885440224336128,0.5465646
307-910-OE,2.53,2.4257867,0.10421326637268047,0.04378725010964418,0.63194615
307-911-OE,2.35,2.4528975,-0.10289754867553702,-0.6262769637482228,0.7416585
307-912-09,1.41,1.6036339,-0.19363388061523445,-0.9198356024671385,0.9991785
405-047-01,0.99,0.86547023,0.12452976942062377,0.10951709449267054,0.58531284
407-009-03,3.05,2.9391997,0.11080031394958478,0.06509828041598137,0.16052334
407-009-10,4.69,3.9304678,0.759532155990601,2.1639360047549,0.108305424
407-010-01,3.97,3.9180214,0.05197855949401875,-0.12520734243540516,0.18928559
407-011-01,4.29,4.0338435,0.25615648269653324,0.5353681063453528,0.2341811
407-012-01,3.39,3.402046,-0.012045965194702024,-0.3323454525007033,0.23691924
407-013-01,3.02,3.4242322,-0.40423224449157713,-1.6011830593717995,0.15154967
407-014-01,4.42,4.3578053,0.062194747924804616,-0.09215497736260744,0.22617656
407-015-01,4.5,4.5180597,-0.018059730529785156,-0.35180174666206826,0.22893757
407-016-01,4.18,4.0656357,0.11436431884765597,0.07662888126681418,0.2994268
407-017-02,4.0,3.7142227,0.28577733039855957,0.6312002338208837,0.19269504
407-018-01,2.54,3.3127263,-0.7727262592315673,-2.7933692435679105,0.1567621
407-020-01,3.31,3.340601,-0.03060096740722651,-0.3923763251896629,0.23826121
407-022-03,3.06,3.2381928,-0.17819279670715327,-0.8698791685282685,0.08561413
407-023-03,3.05,3.6274714,-0.577471446990967,-2.1616626751035644,0.17972034
407-024-01,4.69,4.5601416,0.12985843658447305,0.12675689519174865,0.45033753
407-026-01,2.96,2.9822867,-0.02228669166564945,-0.36547720532824785,0.17919196
407-030-20,3.22,3.274155,-0.054154901504516406,-0.46858020826784114,0.15959892
407-033-01,0.9,0.8291342,0.07086577415466311,-0.06410166506842128,0.26449275
407-043-10,3.04,2.9685109,0.0714891338348389,-0.062084913727114256,0.17458634
407-044-04,1.72,1.6718724,0.04812762260437009,-0.13766625241061795,0.20047218
407-046-02,3.16,3.1368203,0.023179683685302876,-0.21838014982484538,0.4252794
407-050-05,3.92,3.1197507,0.800249261856079,2.295667780934562,0.17898661
407-050-07,2.52,2.6399062,-0.11990616798400877,-0.6813048343260367,0.16150215
407-051-05,2.73,2.8130465,-0.0830464553833008,-0.562052856388186,0.13909294
407-052-05,3.15,2.896526,0.25347390174865714,0.5266891704166318,0.16941778
407-053-05,3.34,3.0477507,0.2922492885589598,0.6521389161193432,0.14488761
407-056-05,2.39,2.4088762,-0.018876180648803587,-0.35444320218927905,0.16823457
407-057-05,2.56,2.5209649,0.03903513908386236,-0.1670831026159837,0.15380476
407-059-02,2.27,2.2348802,0.03511979103088381,-0.17975040159063269,0.40734893
407-061-01,3.3,3.0614736,0.23852639198303205,0.4783295935499935,0.14098954
407-062-01,2.29,2.3101962,-0.020196161270141566,-0.3587137265321944,0.19734661
407-064-02,2.95,3.1418016,-0.19180159568786603,-0.9139076234809378,0.20542175
407-065-01,4.62,4.101131,0.5188690376281739,1.3853202517699121,0.20475174
407-067-02,2.84,2.8401284,-0.00012842178344740773,-0.2937887052100308,0.3866944
407-068-02,2.18,2.0257277,0.15427225112915055,0.2057427436436636,0.41257313
407-074-07,4.05,3.704641,0.345358896255493,0.8239640693407828,0.27237493
407-075-02,3.55,3.2089417,0.341058301925659,0.810050385702046,0.15930806
407-084-06,3.53,3.4765885,0.053411512374877734,-0.12057131970822596,0.13250986
407-090-05,3.94,3.81561,0.12439006805419917,0.1090651196103044,0.118906975
407-096-01,3.59,3.7470133,-0.15701333045959487,-0.8013573851641526,0.09602319
407-098-02,3.57,3.5194447,0.05055529594421371,-0.12981201733560602,0.12247008
407-100-02,4.99,5.1282463,-0.13824630737304666,-0.7406405627808659,0.2901827
407-101-02,3.87,4.090373,-0.22037303924560536,-1.0063446208528226,0.25542608
407-102-02,3.53,3.4824164,0.04758360862731914,-0.1394262971372802,0.11900172
407-103-02,3.19,3.3063962,-0.11639624595642095,-0.6699492074189122,0.14921016
407-104-02,3.66,3.7456558,-0.08565577507019029,-0.5704947706566051,0.13170293
407-107-02,3.35,3.5991983,-0.24919834136962882,-1.0996029251207702,0.0978439
407-108-02,3.88,3.6134012,0.2665988254547118,0.5691521469782108,0.1636189
407-109-02,3.05,2.9871466,0.06285338401794416,-0.09002409648192905,0.17219834
407-110-02,4.89,4.7569942,0.13300575256347624,0.1369393852116064,0.67236817
407-111-02,3.8,3.6661944,0.13380556106567365,0.13952700022889544,0.16274317
407-113-02,4.63,4.4511046,0.17889535903930653,0.2854057175000262,0.3085751
407-114-01,4.91,5.013716,-0.10371622085571275,-0.6289256082948104,0.19647287
407-115-01,5.14,5.0628757,0.07712425231933562,-0.043853653150832124,0.18181045
407-116-01,3.0,3.3999965,-0.3999965190887451,-1.5874792457321996,0.12666684
407-119-02,3.19,3.2497575,-0.059757528305053764,-0.4867063487195944,0.1210284
407-120-02,3.02,2.9814932,0.038506765365600604,-0.1687925465195664,0.14398867
407-121-02,4.42,4.2496624,0.17033760070800774,0.2577188600690787,0.35276878
407-122-02,3.87,4.035604,-0.16560400009155263,-0.8291507203026884,0.37572235
407-124-01A,3.74,3.4668853,0.27311467170715353,0.5902328201228974,0.13787338
407-124-01B,3.74,3.4668853,0.27311467170715353,0.5902328201228974,0.13787338
407-127-01,2.77,2.8391733,-0.06917331695556639,-0.5171691858171584,0.26810312
407-128-01,3.31,3.3011587,0.00884133338928228,-0.2647689171950332,0.22036333
407-130-02,3.36,3.340517,0.019482955932617063,-0.23034014802616237,0.12011748
407-131-02,4.43,4.2636456,0.1663543510437009,0.24483187947228072,0.17604086
407-132-02,4.25,4.1908946,0.05910539627075195,-0.10214993579547038,0.17025433
407-133-02,1.96,2.0458102,-0.08581022262573246,-0.5709944537845121,0.1889369
407-134-06,3.13,3.4578364,-0.3278363895416261,-1.3540200685008448,0.2113999
407-135-01,3.67,3.4984007,0.1715993118286132,0.2618008654918636,0.16434696
407-136-04,4.13,4.2052083,-0.07520830154418956,-0.5366941304854448,0.2070188
407-137-01,3.04,3.1873596,-0.14735957145690914,-0.7701246442017747,0.21786022
407-138-03,2.94,3.0100543,-0.07005434989929205,-0.5200195857186941,0.30937555
407-144-02,3.19,3.4577987,-0.267798719406128,-1.1597806019049803,0.1047568
407-145-02,3.33,3.3962438,-0.06624381065368645,-0.5076913739669957,0.12961796
407-149-01,3.23,2.951203,0.2787968921661377,0.608616469397465,0.1478944
407-152-02,3.66,3.764779,-0.10477909088134751,-0.6323643044729613,0.11139809
407-153-02,3.84,3.4895604,0.35043963432312,0.8404017467180344,0.10686693
407-157-02,3.74,3.6999462,0.040053834915161346,-0.16378732290887024,0.16056605
407-158-02,3.77,3.5774047,0.19259526252746584,0.329728922247132,0.16425577
407-163-11,2.66,2.7675564,-0.10755642890930162,-0.6413498073395566,0.24450237
407-164-05,3.45,3.2814095,0.16859049797058123,0.2520664704436983,0.25608075
407-166-09,1.93,1.8527436,0.0772563743591308,-0.043426199612454405,0.22630024
407-169-09,2.66,2.7689514,-0.10895141601562486,-0.6458629996541285,0.26265687
407-170-09,2.66,2.8883178,-0.22831782341003404,-1.0320483271231542,0.19478066
407-172-01,2.03,2.0612936,-0.03129360198974629,-0.3946172011522187,0.22785918
407-173-01,1.75,1.8420174,-0.09201741218566895,-0.5910765320273952,0.22508025
407-177-02,3.72,3.7940218,-0.0740218448638914,-0.5328555952424865,0.11576658
407-178-01,3.6,3.482611,0.11738905906677255,0.08641480276287306,0.14493816
407-181-09,3.72,3.7940218,-0.0740218448638914,-0.5328555952424865,0.11576658
407-185-01,3.6,3.482611,0.11738905906677255,0.08641480276287306,0.14493816
407-192-06,3.19,3.1963933,-0.006393251419067436,-0.3140572659984566,0.35120353
407-196-03,3.34,3.3068545,0.033145513534545756,-0.1861377681712386,0.2049584
407-197-05,3.89,3.810266,0.07973398208618176,-0.035410412153513246,0.11619836
407-198-05,3.87,3.810266,0.05973398208618175,-0.10011627637425613,0.11619836
407-199-02,2.38,2.4781258,-0.09812581062316905,-0.6108389920225491,0.16007029
407-203-01,3.55,3.318245,0.23175506591796857,0.4564223683019748,0.35283157
407-206-08,3.69,3.5249975,0.16500252723693842,0.24045833308774373,0.12953882
407-207-08,3.69,3.597821,0.09217900276184077,0.004852878749663183,0.12314659
407-210-03,3.36,3.183781,0.17621909141540515,0.27674720702549954,0.18930893
407-211-03,3.37,3.195042,0.17495810508728038,0.2726675465189068,0.18893398
407-214-01,4.14,3.794323,0.3456770324707028,0.8249933332780361,0.20289403
407-215-01,4.14,4.1080194,0.031980648040771165,-0.18990644959501896,0.19395295
407-221-01,3.62,3.7444673,-0.12446725845336903,-0.6960612993564842,0.21925808
407-222-01,3.61,3.458317,0.15168295860290515,0.19736562311211264,0.22218195
409-054-01,2.22,2.347475,-0.12747505187988262,-0.7057923930094857,0.19082157
410-001-10,1.69,1.5430472,0.14695281028747553,0.18206220638000442,0.30441767
410-006-02,2.56,2.3536394,0.20636063575744634,0.37426394080548037,0.34362796
410-009-05,0.65,0.9588162,-0.3088161706924438,-1.2924840835856446,0.1944022
410-010-05,1.53,0.94326425,0.5867357540130616,1.6048889785453222,0.17550302
410-013-04,2.61,2.5198705,0.09012948036193835,-0.0017779271566096488,0.31054035
410-013-05,1.09,1.0331125,0.056887474060058674,-0.10932556446633485,0.19025579
410-014-05,0.66,0.81832516,-0.1583251619338989,-0.8056015446269933,0.19642967
410-019-04,2.44,2.6121986,-0.17219859123229986,-0.8504861562499136,0.29987544
410-019-05,0.94,0.98966795,-0.049667952060699516,-0.45406361119399347,0.1787481
410-021-04,2.52,2.5476615,-0.027661542892456037,-0.3828664250126699,0.30762342
410-021-05,0.93,0.9688598,-0.03885979175567622,-0.41909604353535046,0.17995936
414-002-06,3.07,2.6743739,0.39562613487243636,0.9865933251757637,0.47812626
414-005-07,2.1,2.0258396,0.07416043281555185,-0.053442478270163234,0.4443485
414-013-05,1.96,1.7772391,0.18276091575622555,0.29791192690315327,0.31754646
414-034-01,2.83,2.9516256,-0.1216255855560302,-0.6868676543237356,0.8278258
414-037-01,4.02,3.5498977,0.47010232925414996,1.2275456512428042,0.45149332
414-045-03,3.17,2.9149973,0.2550026607513427,0.5316351540393323,0.573723
414-059-01,4.43,4.22463,0.20537012100219698,0.37105933514239,0.3813672
414-062-02,4.36,4.011299,0.34870086669921907,0.8347763236288566,0.34128395
414-068-03,4.12,3.9908636,0.12913643836975108,0.12442101926927773,0.4217569
414-071-03,4.34,3.1293097,1.21069034576416,3.6235650332331018,0.21142966
414-072-03,4.12,4.180393,-0.06039321899414052,-0.4887629944903163,0.33967528
414-074-01,4.8,4.1297364,0.6702635765075682,1.8751259755945147,0.3461772
414-076-02,4.04,4.012755,0.027245082855224645,-0.20522739149024144,0.46896467
414-081-04,4.75,4.849043,-0.09904289245605469,-0.6138060206504495,0.5132259
414-118-01,1.35,1.2990613,0.05093870162963876,-0.1285715875244773,0.59708935
414-119-01,1.27,1.2257469,0.04425312995910646,-0.15020137216205268,0.59708744
414-301-04,2.26,2.371231,-0.11123107910156271,-0.6532383781595152,0.36748052
414-304-03,4.41,4.435065,-0.0250647926330565,-0.3744651765276756,0.26351464
414-309-03,1.99,1.9889154,0.0010845565795898349,-0.2898643645469615,0.34917238
414-316-03,4.28,3.9202645,0.3597355175018313,0.8704766544567134,0.51807576
414-320-03,4.32,3.6812885,0.6387115192413333,1.77304581892681,0.21335037
414-343-01,2.15,1.5996478,0.5503522396087646,1.487177641399428,0.24980427
414-344-01,2.15,2.2691243,-0.11912426948547372,-0.6787751634220062,0.29019994
414-347-01,4.32,3.7006886,0.6193113994598392,1.7102807431044345,0.60896593
414-348-01,1.25,1.0101068,0.23989319801330566,0.4827516118205424,0.36822316
415-001-02,2.39,2.776006,-0.386005983352661,-1.5422157604464741,0.20314848
415-003-01,3.18,3.206179,-0.026178903579711754,-0.37806965210973154,0.3416348
415-016-01,3.22,3.3817468,-0.16174676895141582,-0.8166714465816028,0.28891146
415-019-02,3.16,3.037307,0.12269297599792495,0.10357452920213536,0.18389453
415-021-01,2.99,3.0630915,-0.07309151649475076,-0.5298457101857705,0.22380556
415-024-01,3.08,3.0649986,0.015001373291015696,-0.24483938192123716,0.5548367
415-029-03,2.73,2.8924062,-0.1624062252044678,-0.8188049809200778,0.24190512
415-038-03,2.97,2.7789285,0.1910714817047121,0.3247990444961683,0.2066446
415-039-01,2.97,3.2233617,-0.25336173057556133,-1.113072709953629,0.23390561
415-041-02,3.12,3.3041427,-0.18414271354675282,-0.8891288940856605,0.17434266
415-042-02,3.16,3.3239,-0.16389998435974107,-0.823637729774058,0.20305818
415-043-02,2.91,3.1878736,-0.277873601913452,-1.1923758008829226,0.18341728
415-044-02,2.8,3.3038197,-0.5038196563720705,-1.9233775369335193,0.17575784
415-048-01,3.1,3.0794399,0.02056012153625497,-0.22685520146154992,0.2286107
415-049-03,3.02,3.065929,-0.045928936004638654,-0.4419667979318609,0.1843204
415-054-02,3.86,3.633463,0.2265370941162108,0.43954069955636466,0.22554402
415-058-01,3.31,3.3201869,-0.010186853408813423,-0.32633068076125876,0.224634
415-059-02,3.52,3.5298636,-0.009863595962524396,-0.3252848481398627,0.30836448
415-061-03,3.06,3.0844238,-0.024423780441284126,-0.3723913141354424,0.2129775
415-062-03,2.82,2.9907289,-0.1707288551330568,-0.8457311290260164,0.18422632
415-063-03,2.69,3.0236003,-0.3336003398895264,-1.3726681379301617,0.19193853
415-068-01,2.89,3.2789834,-0.3889833545684813,-1.551848429327755,0.27276418
415-070-03,2.96,2.856423,0.10357709884643551,0.04172906163090158,0.26123917
415-071-03,2.95,2.9609504,-0.010950374603271307,-0.32880089569817134,0.32006574
415-073-01,3.12,3.156623,-0.03662288665771474,-0.4118589996581813,0.19446741
415-074-01,3.04,3.1866848,-0.14668484687805172,-0.7679417123524774,0.15810883
415-083-03,3.28,3.2896116,-0.009611577987671094,-0.32446949609676046,0.2879105
415-084-03,2.87,2.791552,0.07844793319702159,-0.03957115739367501,0.64312714
415-085-03,3.02,3.1957304,-0.17573044776916502,-0.8619127477259907,0.27108136
415-090-03,2.74,2.8526757,-0.11267567634582498,-0.6579120738165599,0.29598054
415-116-02,3.33,3.219981,0.1100190448760987,0.06257064588653857,0.4438436
415-117-01,3.02,3.0891037,-0.06910369873046873,-0.5169439504461355,0.14744052
415-117-01,3.05,3.0891037,-0.03910369873046893,-0.4198851541150219,0.14744052
415-118-01,2.92,3.028288,-0.10828788757324226,-0.643716290589158,0.15323569
415-118-01,2.96,3.028288,-0.06828788757324222,-0.5143045621476723,0.15323569
415-119-04,3.8,3.8630989,-0.06309885978698748,-0.4975165357789192,0.26432186
415-120-02,3.23,3.3088684,-0.07886840820312502,-0.5485356487107704,0.2615084
415-121-02,3.1,3.1983154,-0.09831538200378409,-0.6114523110232599,0.26134363
415-125-03,3.6,3.5501258,0.049874162673950284,-0.1320156831807008,0.39218003
415-126-03,2.88,3.0638163,-0.18381630897521983,-0.8880728795913284,0.30294767
415-148-02,3.7,3.6866636,0.013336372375488459,-0.2502261480796131,0.33996722
415-149-02,3.61,3.539361,0.07063899993896472,-0.06483534614890855,0.34181514
415-150-03,3.05,3.0224295,0.02757053375244123,-0.2041744624119507,0.23718765
415-151-03,2.96,3.028288,-0.06828788757324222,-0.5143045621476723,0.15323569
415-162-01,2.82,2.607693,0.21230704307556136,0.39350231203183944,0.39380383
415-206-01,3.41,3.3779056,0.0320943927764894,-0.18953845202375852,0.5287953
415-208-03,3.26,3.2434204,0.016579637527465607,-0.23973323435182806,0.41507414
415-209-01,3.94,3.7862365,0.15376347541809077,0.2040967050397313,0.29874372
415-210-01,3.22,3.2518098,-0.031809835433959766,-0.3962873677095929,0.5939946
415-211-01,3.13,3.5383382,-0.40833818435668956,-1.6144669787423245,0.34158584
415-213-01,3.07,3.3282678,-0.258267812728882,-1.1289453242370577,0.528795
504-002-02,3.42,3.2027237,0.21727625846862786,0.4095791808572088,0.1363155
504-003-01,4.17,3.7888644,0.3811356258392333,0.9397122796761695,0.12357522
504-004-02,3.27,3.0385802,0.23141982078552248,0.4553377520009387,0.09845148
504-005-02,3.03,2.8634799,0.1665201473236082,0.24536827905108008,0.315553
504-006-02,3.73,3.7064078,0.023592214584350568,-0.21704549140781332,0.31067005
504-010-02,3.69,3.3328776,0.3571223640441894,0.8620223368158064,0.2268489
504-012-02,0.6,1.7190137,-1.1190136909484862,-3.913710620469146,0.38477537
504-013-02,1.31,1.1072159,0.2027841186523438,0.3626928592961839,0.18224417
504-014-02,2.35,2.3623176,-0.012317562103271396,-0.33322414813513646,0.25550708
504-016-02,0.19,0.4471898,-0.2571898078918457,-1.125457662506329,0.22143221
504-018-01,2.57,2.680628,-0.11062806129455582,-0.6512874387423713,0.26277947
504-019-01,0.74,0.7574401,-0.017440090179443368,-0.34979702844332283,0.22811459
504-023-01,1.45,1.4672766,-0.017276573181152388,-0.34926800300886285,0.20053563
504-029-01,1.45,1.3405552,0.1094448089599609,0.060712824325524224,0.19715765
504-038-01,0.33,0.7351887,-0.4051887226104736,-1.6042775465363708,0.09104404
504-038-01,1.4,0.7351887,0.6648112773895263,1.8574861892733698,0.09104404
504-038-02,1.42,1.2185924,0.20140759468078606,0.35823940063617327,0.15166973
504-039-01,0.77,0.6957973,0.07420267581939699,-0.05330580976660922,0.24586737
504-040-01,1.71,1.6005342,0.109465799331665,0.060780734332595676,0.17980258
504-043-01,1.58,1.270117,0.30988295555114753,0.7091889992248578,0.41780496
504-045-01,2.51,2.628784,-0.11878394126892111,-0.6776741018534691,0.14202158
504-045-05,2.52,2.628784,-0.10878394126892088,-0.645321169743097,0.14202158
504-046-01,1.39,1.1183553,0.27164472579956045,0.5854771141074696,0.31530458
504-047-01,0.29,0.6458246,-0.3558246111869812,-1.444570171979065,0.28630766
504-048-01,0.84,1.1268008,-0.28680077552795413,-1.2212578250716712,0.2735864
504-049-01,0.34,0.47427142,-0.1342714166641235,-0.7277806258556722,0.24542888
504-050-01,0.09,0.012561828,0.07743817210197448,-0.04283803060925035,0.19830042
504-051-01,2.07,2.070818,-0.0008179473876954724,-0.2960195227162909,0.31075415
504-052-01,1.76,1.4570532,0.30294681549072267,0.6867485523765624,0.20019926
504-053-01,1.84,1.5843737,0.25562628746032723,0.5336527692971313,0.20816194
504-054-01,1.76,1.7339067,0.026093254089355478,-0.20895389527673525,0.18358567
504-056-01,2.1,2.1127155,-0.012715482711791903,-0.33451153797841465,0.34712064
504-057-01,1.13,0.71953344,0.41046655654907216,1.0346064406751119,0.28271428
504-058-01,1.29,1.2985523,-0.008552274703979457,-0.3210423393746036,0.2311727
504-059-01,1.05,1.048661,0.0013390064239502397,-0.28904114469295283,0.5075545
504-061-01,2.15,1.9011209,0.24887909889221183,0.5118236359291202,0.18347481
504-064-01,1.68,1.46913,0.21086996078491205,0.38885292945320005,0.41464105
504-069-01,1.64,1.4760017,0.16399826049804678,0.2372092357253372,0.27648643
504-070-01,0.65,0.46461788,0.18538212180137636,0.30639229702575926,0.24433781
504-072-01,2.24,2.2957642,-0.05576420783996561,-0.47378678612939895,0.3151297
504-073-01,1.8,1.8267956,-0.026795578002929643,-0.3800647746845886,0.20121881
504-074-01,1.93,1.78687,0.1431299972534179,0.1696942853238535,0.20849563
504-075-01,1.78,1.759229,0.020771055221557644,-0.22617276914151113,0.18714334
504-081-01,0.88,0.7703167,0.1096832799911499,0.061484348033759066,0.28269017
504-084-01,0.95,1.0942295,-0.1442294597625733,-0.759997815087302,0.12148844
504-087-01,3.11,2.5798056,0.530194387435913,1.4219610791155108,0.5808582
504-089-01,1.34,1.2857409,0.05425914764404305,-0.11782897107645977,0.21981269
504-090-01,1.14,1.2299132,-0.08991323471069346,-0.5842689009277897,0.22689223
504-092-01,1.81,1.7896566,0.02034336090087896,-0.22755648567360204,0.3008001
504-093-01,1.35,1.4275086,-0.07750859260559073,-0.5441362465398054,0.4108559
504-094-01,1.26,1.2141435,0.0458564853668213,-0.1450140472965932,0.99917436
504-095-01,0.79,0.76946616,0.020533838272094762,-0.22694023552765136,0.15532622
504-096-01,2.29,2.1195967,0.17040328025817875,0.2579313526718509,0.26755735
504-101-01,0.63,1.0554926,-0.42549263954162597,-1.6699666711411902,0.15377359
504-102-01,1.96,1.5959876,0.3640124416351318,0.8843137580693015,0.15285824
504-102-01,2.03,1.5959876,0.43401244163513164,1.1107842828419008,0.15285824
504-108-02,2.02,2.115569,-0.09556911468505858,-0.6025673310112941,0.15192135
504-109-01,2.21,1.4894049,0.7205950832366943,2.0379631576165265,0.13580127
504-115-01,0.53,0.666498,-0.1364980053901672,-0.7349842932448132,0.19158858
504-116-01,0.08,0.0116919875,0.06830801248550415,-0.07237677403210228,0.2858373
504-117-01,2.71,1.9510496,0.7589504337310791,2.16205396267796,0.25414878
504-119-01,2.85,2.6659641,0.18403587341308603,0.3020367887547538,0.1944443
504-120-01,2.21,2.0423121,0.16768785476684567,0.24914615501466378,0.26060802
504-121-01,3.41,3.2533922,0.1566077804565431,0.21329886582075488,0.2024831
504-122-01,2.53,1.9263847,0.6036153125762937,1.659499299770251,0.090272754
504-133-01,3.42,2.968354,0.4516460132598876,1.167834057405811,0.1904918
504-134-01,2.47,1.8312905,0.6387095165252688,1.7730393395531225,0.219422
504-135-01,0.48,0.5352998,-0.05529977798461916,-0.47228421937139364,0.21429557
504-136-01,1.48,1.4742022,0.005797843933105451,-0.2746154979704652,0.1350045
504-138-01,1.43,1.8403242,-0.4103241634368897,-1.620892203377758,0.12959221
504-140-01,0.85,0.8900197,-0.04001971483230593,-0.4228487347904959,0.6390701
504-140-46,1.75,1.3569927,0.3930072784423828,0.9781205567469304,0.61921996
504-140-47,-0.24,1.366435,-1.6064350509643555,-5.490661637442978,0.13446875
504-140-48,2.87,2.2612872,0.6087127876281739,1.6759911261990301,0.16125745
504-140-49,3.22,2.859013,0.36098691940307637,0.8745253065320906,0.17838548
504-142-01,0.57,0.7351887,-0.16518872261047368,-0.8278071758874571,0.09104404
504-144-01,2.01,1.8471141,0.16288591384887674,0.23361046816295744,0.2845951
504-145-01,1.9,1.7044013,0.19559874534606925,0.33944606981962633,0.23033282
504-146-01,1.12,0.9837613,0.13623868942260753,0.1473988838836656,0.56873584
504-149-01,1.91,2.0096252,-0.09962519645690926,-0.6156899448311741,0.1572305
504-150-01,0.91,1.3674412,-0.45744117736816403,-1.7733295586739521,0.18823427
504-154-01,3.13,2.92416,0.20583999633789052,0.37257951962599306,0.23666522
504-156-01,2.08,1.8401742,0.2398258018493653,0.48253356546889614,0.2593701
504-157-01,2.61,2.8584177,-0.24841774940490735,-1.0970774812367168,0.3254004
504-158-01,2.68,2.8130093,-0.13300926208496078,-0.7236971857144275,0.32259625
504-161-01,2.19,1.9772451,0.21275490760803217,0.3949512851132066,0.53117144
504-163-01,3.79,3.7594852,0.030514755249023473,-0.19464904259226853,0.28826258
504-164-01,2.72,2.9270432,-0.20704319953918437,-0.9632186809464255,0.17820813
504-165-01,1.84,1.8435361,-0.0035361385345458185,-0.30481366807999705,0.20651068
504-166-01,3.23,2.9728718,0.25712821960449217,0.5385119601665866,0.25404477
504-174-01,1.0,0.90051043,0.09948956966400146,0.028504706217056513,0.12476777
504-175-01,1.29,0.9882056,0.30179438829422,0.6830201124915029,0.12937666
504-176-01,1.39,1.5052416,-0.11524163246154795,-0.6662136942175776,0.16298988
504-177-01,1.61,1.5935278,0.016472206115722754,-0.24008080646889185,0.17132115
504-178-01,1.26,1.2474852,0.01251483917236329,-0.25288404887432553,0.42842302
504-180-01,0.98,1.0188749,-0.038874883651733416,-0.419144870244206,0.22309342
504-182-01,0.53,0.3928708,0.13712918639183047,0.15027990268264171,0.15129438
504-183-01,0.78,0.92291397,-0.1429139685630798,-0.7557418153404016,0.15790722
504-193-01,2.31,2.1894538,0.12054615974426275,0.09662894915131787,0.22935349
504-194-01,2.54,2.6631548,-0.12315484046936032,-0.6918152423627777,0.22668189
504-195-01,1.11,1.1055036,0.00449644088745127,-0.27882591840889326,0.24876942
504-206-01,0.43,0.6401448,-0.21014482498168946,-0.9732533486837422,0.20286101
504-207-01,0.66,0.51546025,0.1445397472381592,0.17425523987874675,0.2011048
504-226-01,2.66,2.523952,0.13604799270629897,0.14678192409202542,0.1642101
504-227-01,1.74,1.5692062,0.17079376220703124,0.2591946762700059,0.187996
504-228-01,1.59,1.6873093,-0.09730926513671867,-0.6081972279537332,0.07573985
504-228-02,2.11,1.6864223,0.42357765197753894,1.0770246787040907,0.13783696
504-229-01,1.28,1.4555061,-0.17550608634948728,-0.8611868727480886,0.2025207
504-230-01,0.96,0.99411994,-0.034119942188262975,-0.4037612404085611,0.467165
504-231-01,1.5,1.4557922,0.04420781135559082,-0.15034799113234054,0.29646862
504-232-01,1.0,1.1363338,-0.13633382320404053,-0.7344531157326644,0.203097
504-233-01,1.53,1.3740361,0.15596392631530764,0.21121580888871763,0.15076764
504-233-01,1.54,1.3740361,0.16596392631530765,0.24356874099908907,0.15076764
504-233-01,1.54,1.3740361,0.16596392631530765,0.24356874099908907,0.15076764
504-233-02,1.54,1.3740361,0.16596392631530765,0.24356874099908907,0.15076764
504-235-01,0.91,0.89854145,0.01145854949951175,-0.25630145568179075,0.07657913
504-236-01,1.88,1.5054326,0.3745673942565917,0.9184621246283293,0.099119835
504-239-01,1.69,1.6167681,0.0732318782806396,-0.05644662445304259,0.13959628
504-240-01,1.81,1.6588192,0.15118080139160162,0.19574099729550898,0.18795834
504-241-01,2.11,2.0583515,0.05164848327636706,-0.12627523578149846,0.20419489
504-242-01,1.9,2.007625,-0.10762510299682626,-0.6415719881486992,0.19101448
504-250-01,1.96,1.670207,0.2897929763793945,0.6441920260006075,0.17393117
504-255-01,2.24,2.1768274,0.06317256927490256,-0.0889914385870284,0.29705444
504-260-01,1.82,1.6481366,0.17186338424682623,0.26265521719373036,0.14255033
504-262-01,1.61,1.4384108,0.17158924102783213,0.26176828349846687,0.23249488
504-263-01,1.73,1.7947352,-0.0647351932525635,-0.5028105543310901,0.44715595
504-264-01,1.96,1.7601004,0.19989963531494137,0.35336070993733604,0.32081532
504-265-01,1.64,1.4897819,0.15021814346313467,0.19262651663498878,0.35666716
504-266-01,1.38,1.1542488,0.22575116634368886,0.43699799276955886,0.22551352
504-267-01,1.55,1.5010736,0.04892640113830571,-0.13508196964265384,0.9991755
504-268-01,1.95,2.1719074,-0.22190742492675786,-1.011308808430168,0.22852871
504-270-01,2.3,2.223883,0.07611708641052228,-0.04711213017800396,0.2829981
504-274-01,2.41,2.3652737,0.044726285934448384,-0.1486705738472673,0.32368624
504-275-01,2.08,1.9867003,0.09329970359802253,0.008478674556565695,0.32304797
504-280-01,2.13,2.0419512,0.08804882049560536,-0.008509471896634218,0.41431925
504-281-01,2.39,2.2493832,0.14061678886413587,0.1615633192840877,0.16919285
504-282-01,2.09,1.8060703,0.2839296722412108,0.6252225179280959,0.091826
504-283-01,2.09,1.7501705,0.33982953071594224,0.8060749505493315,0.13807702
504-284-01,2.09,1.7501705,0.33982953071594224,0.8060749505493315,0.13807702
504-286-01,2.08,2.1262336,-0.04623357772827141,-0.4429524032321286,0.29201552
504-289-01,1.82,1.2003028,0.6196971607208253,1.711528793893184,0.11876201
504-290-01,2.3,2.2555687,0.04443125724792463,-0.14962507815383883,0.13077602
504-291-01,2.71,2.7473447,-0.037344732284545934,-0.41419438191408514,0.23065671
504-298-01,2.27,1.718154,0.5518460464477539,1.4920105445242111,0.057905648
504-298-04,2.24,2.2689645,-0.028964529037475373,-0.3870819672417264,0.8371344
504-298-05,2.25,1.718154,0.5318460464477539,1.4273046803034684,0.057905648
504-299-01,1.69,1.7359478,-0.04594784736633306,-0.4420279817319623,0.26773736
504-300-01,0.37,1.2377877,-0.8677877235412598,-3.100920953680308,0.15529841
504-301-01,-0.16,0.08636257,-0.2463625705242157,-1.0904283749565482,0.12965807
504-308-01,1.49,2.384462,-0.8944621181488037,-3.1872204414626206,0.1546623
504-309-01,3.53,3.2333696,0.2966304111480711,0.6663131322886163,0.121989876
504-311-01,2.48,2.0123858,0.4676141548156738,1.2194956773741261,0.08281554
504-312-01,2.52,2.2814736,0.23852636337280275,0.47832950098751287,0.1853726
504-314-01,3.11,3.2374115,-0.12741149902343762,-0.7055867808844872,0.2897217
504-316-01,3.14,2.5615647,0.5784353160858156,1.5780346280706679,0.21977228
504-317-01,2.64,2.2601223,0.3798777008056642,0.9356425233550697,0.14040004
504-318-01,1.94,1.901087,0.03891295433044428,-0.16747840611920944,0.07951368
504-319-01,2.32,2.042609,0.2773910236358641,0.6040680724858603,0.1834719
504-322-01,2.36,1.9592085,0.4007915115356444,1.0033048332266903,0.11897559
504-323-01,2.75,2.7610517,-0.011051654815673828,-0.3291285668817696,0.18197842
504-327-01,3.3,3.0865695,0.21343045234680158,0.3971368704202991,0.060969878
504-328-01,3.14,2.630697,0.5093029880523683,1.3543712765208633,0.10752056
504-329-01,3.27,3.1011312,0.16886879920959474,0.2529668565529019,0.113316156
504-331-01,3.12,2.8711402,0.2488597583770753,0.511761063691801,0.13324161
504-332-01,2.34,2.3567917,-0.016791734695434712,-0.3476994083475709,0.1652878
504-333-01,2.16,1.948292,0.21170798301696792,0.39156417709126856,0.16447325
504-334-01,2.06,1.8370085,0.22299152374267583,0.42806973979761254,0.121705025
504-336-01,2.48,2.5528367,-0.07283665657043459,-0.5290211636028649,0.20827769
504-337-01,3.02,2.7921617,0.2278382968902588,0.44375047205742485,0.18973283
504-339-01,2.72,2.8439925,-0.1239924716949461,-0.6945252249802681,0.40360534
504-342-01,2.49,2.5761178,-0.08611775398254373,-0.5719894078953845,0.22379182
504-343-01,1.67,1.4349821,0.23501793861389153,0.4669787181835728,0.0876673
504-345-01,1.78,1.4349821,0.34501793861389163,0.8228609713976587,0.0876673
504-346-01,2.67,2.1485941,0.5214058589935302,1.3935276127108631,0.18502012
504-347-01,2.24,2.120037,0.11996292114257834,0.0947420012628735,0.21100108
504-348-01,1.77,1.3871133,0.38288666725158693,0.9453774120698021,0.31883252
504-349-01,1.75,2.1233435,-0.37334346771240234,-1.5012488095608936,0.14632548
504-350-01,2.08,2.0328627,0.0471373367309571,-0.14087011757385695,0.15991996
504-351-01,2.01,1.5749612,0.4350388145446775,1.1141049001481471,0.17032777
504-354-01,1.76,1.8075454,-0.04754542350769042,-0.44719660897621066,0.9991768
504-355-01,2.55,2.5547884,-0.004788351058960139,-0.3088649427590104,0.15220013
504-356-01,2.61,2.2304552,0.37954483985900866,0.9345656205941356,0.12301833
504-357-01,1.92,2.2498903,-0.32989032745361335,-1.360665159883389,0.10099051
504-358-01,1.64,1.6786411,-0.03864108085632334,-0.4183884496474943,0.34177232
504-360-01,2.47,1.8597791,0.610220880508423,1.6808702488561136,0.12880282
504-361-01,3.03,2.8612406,0.16875937461853008,0.2526128359163099,0.17473446
504-362-01,2.36,1.0477626,1.3122373676300048,3.9520994236767097,0.112871364
504-362-03,0.56,1.0477626,-0.48776263236999506,-1.8714283561901444,0.112871364
504-363-01,1.63,1.6761639,-0.046163911819458114,-0.4427270135903042,0.19280735
504-364-01,0.26,0.62583524,-0.36583523988723754,-1.4769574910512178,0.5458706
504-366-01,0.44,0.7565207,-0.31652068853378296,-1.3174104578520436,0.34673858
504-367-01,0.93,0.73499686,0.1950031447410584,0.3375191272257451,0.1515294
504-368-01,1.33,1.075392,0.2546079921722413,0.5303582854647557,0.16032998
504-369-01,1.79,1.5788398,0.21116022109985355,0.38979200667956376,0.18894148
504-370-01,1.92,1.777677,0.14232294082641594,0.16708322114465016,0.18394944
504-371-01,0.72,0.6460539,0.07394608974456784,-0.05413594095255062,0.09953191
504-372-01,1.04,0.9335217,0.10647831201553348,0.0511153369006558,0.09879944
504-373-01,1.41,1.2135888,0.196411166191101,0.3420744894640626,0.12368067
504-374-01,1.55,1.5033672,0.04663281440734868,-0.14250239522224398,0.12672009
504-375-01,-0.14,0.08575818,-0.22575817942619325,-1.023767128319562,0.12503615
504-376-01,0.12,0.516217,-0.3962169933319092,-1.5752513717101682,0.11520307
504-377-01,0.44,0.51402754,-0.07402753591537475,-0.5328740074627142,0.14381954
504-378-01,0.57,0.8614301,-0.29143010854721074,-1.2362350747605022,0.13974696
504-379-01,-0.34,-0.11881274,-0.22118726015090945,-1.0089788642200375,0.12953489
504-380-01,-0.08,0.29194158,-0.3719415831565857,-1.4967133019748022,0.12562898
504-381-01,0.22,0.34677732,-0.1267773199081421,-0.7035350254981901,0.16160499
504-382-01,0.34,0.67965686,-0.3396568632125854,-1.3922627667197427,0.15411244
504-383-01,0.33,0.42388225,-0.09388224601745604,-0.5971098162630883,0.1633854
504-384-01,0.61,0.69713783,-0.08713783264160158,-0.5752896614557583,0.16253544
504-385-01,0.96,0.9027785,0.057221493721008265,-0.1082449129249117,0.21062933
504-386-01,1.09,1.1187663,-0.028766307830810467,-0.3864406635175198,0.19208184
504-387-01,0.18,0.27269506,-0.09269506454467774,-0.5932689361039396,0.12973073
504-388-01,0.46,0.54245144,-0.08245144128799436,-0.5601278113251698,0.12918618
504-389-01,0.81,0.8964421,-0.0864421153068542,-0.5730388118858493,0.157459
504-390-01,0.94,1.197288,-0.2572880363464356,-1.1257754603585945,0.14947534
504-391-01,1.98,1.9309034,0.049096565246582013,-0.1345314388583853,0.50354904
504-393-01,4.18,3.4347458,0.745254211425781,2.117742667636773,0.42010298
504-395-01,2.9,2.6002762,0.29972376823425284,0.6763210494688537,0.18609829
504-403-01,1.37,1.1348338,0.23516618728637706,0.4674583461072105,0.20934045
504-404-01,1.79,1.7107892,0.07921079635620121,-0.03710307139383085,0.27545688
504-405-01,2.52,2.1535165,0.36648346900939943,0.8923082561575565,0.11586208
504-406-01,2.5,2.1942582,0.3057417869567871,0.6957911045857632,0.17137519
504-407-01,2.5,2.3872821,0.11271786689758301,0.07130212645044427,0.09277288
504-408-01,2.38,2.445239,-0.06523906707763683,-0.5044407338965692,0.1146996
504-409-01,2.01,1.4735129,0.5364871120452879,1.4423198883231478,0.11404728
504-411-01,0.87,0.72216916,0.1478308391571045,0.1849028872210096,0.376838
504-412-01,2.42,2.224198,0.19580189704895012,0.3401033251447675,0.18474534
504-414-01,2.26,2.0006483,0.25935173988342264,0.5457057002296137,0.22957456
504-415-01,2.15,1.749049,0.40095105171203604,1.003820992476258,0.19265284
504-416-01,2.28,2.235312,0.044688014984130664,-0.14879439159301017,0.2630114
504-417-01,2.2,1.6771002,0.5228998184204103,1.3983610095022134,0.16862385
504-417-05,1.86,1.6771002,0.18289981842041025,0.298361317749585,0.16862385
504-419-01,3.21,2.9769425,0.23305746078491207,0.4606359975730867,0.32455873
504-420-01,2.64,2.3199363,0.3200637245178224,0.7421267719458785,0.12426994
504-420-05,2.31,2.3199363,-0.009936275482177681,-0.3255199876963784,0.12426994
504-434-01,3.26,2.9865403,0.2734596824645994,0.5913490310841968,0.123122014
504-435-01,2.3,2.1705928,0.12940721511840803,0.12529706144591427,0.20254803
504-436-01,2.88,2.5749562,0.30504382133483876,0.6935329811475365,0.10960178
504-437-01,2.93,2.4178803,0.5121197032928468,1.3634841762158085,0.09242621
504-439-01,1.73,2.2568676,-0.5268676471710205,-1.997944545093409,0.09116987
504-440-01,4.07,3.2521846,0.8178153705596927,2.3524992931677033,0.1521933
504-443-01,2.23,1.7658532,0.4641468334197998,1.208277876001571,0.15353554
504-444-01,2.01,1.7031059,0.3068940734863279,0.6995190893719562,0.17885767
504-445-01,2.41,2.1835704,0.2264296150207521,0.4391929731684987,0.20369641
504-446-01,2.06,1.934092,0.1259079551696778,0.11397592949013315,0.23537536
504-447-01,2.3,2.4432003,-0.14320034980773944,-0.7566683426370173,0.09816872
504-449-01,2.2,1.9703736,0.22962636947631854,0.44953541115594553,0.18277755
504-450-01,2.65,2.5940313,0.05596866607666007,-0.11229817769727109,0.56701005
504-451-01,2.69,2.6865335,0.003466548919677681,-0.2821579209003328,0.1220339
504-452-01,1.82,2.2807682,-0.4607681560516357,-1.7840933102218532,0.1267817
504-453-01,2.04,1.9964137,0.04358629226684574,-0.15235878762068747,0.2589956
504-454-01,2.12,2.0216482,0.09835183143615733,0.024823789452574966,0.2474219
504-456-01,2.25,2.5925195,-0.34251952171325684,-1.4015243063324827,0.08842686
504-457-01,2.57,2.4384232,0.1315768432617186,0.13231644464844203,0.3617237
504-458-01,1.44,1.2036176,0.23638242721557612,0.4713932388931405,0.08359984
504-460-01,3.01,2.8977602,0.11223984718322733,0.06975559251384743,0.31090498
504-465-01,2.9,2.5612323,0.3387676715850829,0.8026395249121846,0.52187157
504-466-01,2.52,1.8984191,0.6215808582305908,1.717623107658176,0.11097752
504-472-01,1.39,1.3287036,0.06129635810852041,-0.09506153183609664,0.20198794
504-473-01,1.72,1.3708425,0.349157543182373,0.8362538059544449,0.5670103
504-475-01,1.94,1.5795615,0.36043852806091303,0.872751099745798,0.17475909
504-479-01,2.42,2.1386316,0.2813684177398681,0.6169361086281635,0.35006234
504-480-01,2.84,2.5142705,0.32572945594787583,0.7604570743770902,0.32453865
504-483-01,2.96,2.5680707,0.39192934989929196,0.9746331418494855,0.14363247
504-492-01,2.52,1.816402,0.7035980415344238,1.9829727439894558,0.24194247
504-496-01,2.52,1.9588196,0.5611803722381592,1.5222098253835181,0.19527853
504-498-01,1.69,1.4745722,0.2154278182983398,0.4035989349232674,0.18206154
504-499-01,1.81,1.4523568,0.3576431846618653,0.8637073442243414,0.1530304
504-505-01,0.27,0.9303952,-0.6603951859474182,-2.429945284783187,0.11547107
504-507-01,0.62,0.6369768,-0.01697677850723267,-0.3482980793356253,0.22827026
504-519-01,0.32,0.5278819,-0.207881920337677,-0.9659321886517444,0.22292013
504-521-01,1.18,1.2827463,-0.10274631500244147,-0.6257876784723766,0.14532864
504-522-01,1.92,1.9069037,0.013096256256103445,-0.25100299413052,0.16935128
504-523-01,2.97,2.9004142,0.06958577156066914,-0.0682428487708799,0.3717963
504-524-01,0.85,1.357501,-0.5075010299682617,-1.9352878599365684,0.13414857
504-525-01,1.65,1.5795615,0.070438528060913,-0.06548393145497315,0.17475909
504-526-01,2.43,1.8261979,0.6038021373748781,1.6601037327727641,0.09915196
504-529-01,2.82,2.1049173,0.7150827121734618,2.0201290209389327,0.10880512
504-530-01,0.47,0.39902127,0.0709787321090698,-0.06373621296539668,0.23199014
504-531-01,2.81,2.7488372,0.061162767410278374,-0.09549373691517682,0.32127655
504-533-01,2.84,2.6786048,0.16139515876770005,0.22878743836950738,0.42827174
504-534-01,0.52,1.0853217,-0.5653216648101806,-2.122354567298486,0.42298564
504-535-01,2.61,2.386089,0.2239109134674071,0.4310442351323329,0.30995974
504-539-01,1.77,1.816402,-0.046401958465576154,-0.4434971642884001,0.24194247
601-507-03,-0.57,-0.39448267,-0.1755173277854919,-0.8612232420896767,0.5041437
601-800-07,3.43,3.169397,0.2606028842926027,0.5497535192426611,0.3764513
601-800-08,3.1,2.963803,0.1361969470977784,0.14726383522353304,0.4161815
601-802-01,2.11,2.2828379,-0.17283786773681653,-0.852554403184952,0.75087285
601-803-01,2.2,2.2868257,-0.08682565689086896,-0.5742796813687626,0.99917847
601-804-01,5.64,5.6522713,-0.012271270751953445,-0.3330743820404878,0.49962705
601-804-02,3.9,4.228099,-0.32809886932373056,-1.3548692675579217,0.350171
601-804-03,4.65,4.3426676,0.30733242034912145,0.7009372700012315,0.3375701
601-810-01,2.55,2.727711,-0.1777109622955324,-0.8683202929275075,0.844864
601-811-01,2.62,2.6766272,-0.05662715911865224,-0.4765786865427897,0.49269658
AGH-038-02,3.27,3.0385802,0.23141982078552248,0.4553377520009387,0.09845148
AGH-039-01,3.27,2.250996,1.0190038871765137,3.003403135116738,0.11533201
AGH-044-02,3.48,2.9279606,0.5520393657684326,1.4926359892099652,0.11611743
AGH-075-02,1.4,2.5504267,-1.150426721572876,-4.015340985186336,0.08338115
AGH-079-02,3.97,2.6720417,1.2979583454132082,3.905902600038459,0.10176921
AGH-096-02,3.47,3.481298,-0.011297969818115039,-0.3299254681369443,0.10550592
AGH-102-01,1.69,1.5380342,0.15196579933166499,0.19828069580167412,0.18190308
AGH-107-02,4.44,4.254397,0.18560308456420938,0.3071071763522449,0.13062826
AGH-108-02,3.83,3.3679843,0.46201570510864265,1.2013830510446353,0.1144271
AGH-110-01,0.8,1.4570866,-0.6570865631103515,-2.4192409197805427,0.15382217
AGH-116-02,4.66,4.0951996,0.5648004150390626,1.533921725280945,0.24027698
AGH-117-01,0.99,1.9510496,-0.9610495662689209,-3.4026503603059233,0.25414878
AGH-126-02,3.45,3.690767,-0.24076704978942853,-1.0723252247110737,0.3856126
AGH-137-02,3.86,2.568113,1.2918869113922118,3.8862597307690696,0.08113378
AGH-138-02,4.34,3.7577102,0.5822897815704344,1.5905049540852323,0.14070335
AGH-140-02,1.4,1.595176,-0.19517598152160653,-0.9248247510602583,0.17550775
AGH-145-05,4.03,3.7888644,0.24113562583923365,0.4867712301309708,0.12357522
AGH-151-01,2.18,1.4400945,0.739905529022217,2.1004381117685287,0.15275855
AGH-154-01,2.78,2.92416,-0.14416000366210957,-0.7597731042370066,0.23666522
AGH-179-02,3.52,2.479139,1.0408609104156494,3.0741170140157945,0.37760633
AGH-188-01,4.04,3.8389075,0.20109251976013187,0.35722004088441267,0.9991813
AGH-192-02,4.33,4.2070007,0.12299926757812507,0.10456547227215467,0.13833918
AGH-194-02,4.1,3.927242,0.17275795936584437,0.2655494300030525,0.13317813
AGH-194-02,4.11,3.927242,0.18275795936584505,0.2979023621134261,0.13317813
AGH-194HCl,2.99,2.871546,0.11845396995544455,0.08986010173135311,0.3509898
AGH-226-02,3.68,3.6696205,0.010379486083984535,-0.2597925422243245,0.16072871
AGH-232-02,3.89,3.1242182,0.7657817745208741,2.1841553531574647,0.12616329
AGH-234-02,3.81,3.0055976,0.8044024085998536,2.3091044283991367,0.07454808
AGH-236-02,3.66,3.0904896,0.569510374069214,1.549159823755457,0.08814856
AGH-282-01,2.18,1.0620223,1.1179776716232301,3.323612348007853,0.03668531
AGH-355-02,4.43,4.8108873,-0.3808873367309573,-1.5256554377815779,0.18528691
AGH-356-02,4.29,4.3614655,-0.07146545410156246,-0.5245849215643655,0.25510067
AGH-494-01,-0.03,1.0210075,-1.051007537841797,-3.6936907750143213,0.039868552
AGH-537-01,4.95,4.2146482,0.7353517532348635,2.085705311879119,0.5402704
AGH-548-01,0.54,0.98510504,-0.44510503768920895,-1.733418529720223,0.08898591
AGH-549-01,2.07,1.229867,0.8401330184936522,2.4247034280147597,0.08727694
AGH-616-02,4.64,4.6239953,0.016004695892333665,-0.24159333912071304,0.38194913
CPBB-169-01,5.12,4.8833113,0.23668872833251964,0.47238421281732096,0.99918324
CPBB-251-03,5.27,5.2587094,0.011290569305419496,-0.2568449208633261,0.12563066
CPBB-252-03,4.36,4.339942,0.020058021545410476,-0.22847964215319094,0.24839526
CPBB-254-01,5.28,5.060315,0.21968486785888697,0.4173717384655544,0.27763337
CPBB-255-01,4.82,4.8581033,-0.03810327529907198,-0.4166484909792609,0.18949309
CPBB-258-03,5.73,5.4418993,0.2881007003784184,0.6387170169434485,0.18607928
CPBB279-07,4.95,4.742614,0.20738620758056658,0.3775819663622523,0.26474112
CPBB280-07,5.04,4.9900265,0.0499735260009766,-0.1316942136833465,0.27068582
Serodolin,3.54,3.6223197,-0.0823196983337402,-0.5597015842396692,0.43727478
SerotonineHCl,1.56,1.5988679,-0.03886789321899409,-0.41912225414462223,0.5451702
_E-55888,0.8,1.3482289,-0.5482289314270019,-2.06705456302582,0.29694706
_LP-12,4.17,4.206628,-0.03662784576416023,-0.41187504382159723,0.4979156
_LP-211,3.23,3.6479619,-0.4179618549346924,-1.645602374828595,0.37637803
_SB258719,1.93,1.9094722,0.02052777290344232,-0.22695985877367503,0.4758324
_SB269970,1.23,1.4663427,-0.23634268760681154,-1.0580111157784835,0.5084911
